timestamp,x,y,z
1.720639339642021179e+09,0.000000000000000000e+00,0.000000000000000000e+00,0.000000000000000000e+00
1.720639343841586590e+09,3.382722361856140836e-01,-6.574294457752161321e-03,8.016848634973419360e-03
1.720639344242179155e+09,6.494013897872522589e-01,-4.760944839013879666e-03,1.547069283602830678e-02
1.720639344642700195e+09,9.838962259040229252e-01,2.358534824072606832e-03,1.784604467364542604e-02
1.720639345042952538e+09,1.320529353021887120e+00,9.370648380040376424e-02,2.584475007759078902e-01
1.720639345442193747e+09,1.710676654298378230e+00,9.415650444473412650e-02,2.720220123456080774e-01
1.720639345842427969e+09,2.098150997326922340e+00,9.700367596864264974e-02,2.825744299652370728e-01
1.720639346242459059e+09,2.485033857132599167e+00,9.564522858064582189e-02,2.930439217878934022e-01
1.720639346642678499e+09,2.878232904945185133e+00,9.685244331262653217e-02,2.984960033915712296e-01
1.720639347042311430e+09,3.259425173619034499e+00,9.584074853274440753e-02,3.078211552444926058e-01
1.720639347442352057e+09,3.637127462611813744e+00,9.929951292718099121e-02,3.116404985346079015e-01
1.720639347842370033e+09,4.030181857181864835e+00,1.015667693080850725e-01,3.193564574945281231e-01
1.720639348242483139e+09,4.410714101958846278e+00,1.040861390433709538e-01,3.252468408352853779e-01
1.720639348642249823e+09,4.800286577718832604e+00,1.086710332839806448e-01,3.328916143349745504e-01
1.720639349042487860e+09,5.178580400863748601e+00,1.051139865731936934e-01,3.413013550381515659e-01
1.720639349442763805e+09,5.567983895767177671e+00,1.066150960144265220e-01,3.466387816056418214e-01
1.720639349843160152e+09,5.952911516643612622e+00,1.103936365624410137e-01,3.505755836627769129e-01
1.720639350242774725e+09,6.333218812403063502e+00,1.142013973143997385e-01,3.539082685433750375e-01
1.720639350643025398e+09,6.717267616564370769e+00,1.234967493232706076e-01,3.528670264300514670e-01
1.720639351042710304e+09,7.104174216805284381e+00,1.229959138225087262e-01,3.609432158915599764e-01
1.720639351442954779e+09,7.483861598077836241e+00,1.267111872692445185e-01,3.619769149264669417e-01
1.720639351842851877e+09,7.869141803950722824e+00,1.304778501667202828e-01,3.704670601726530732e-01
1.720639352242992163e+09,8.253327087494687575e+00,1.344012696656903538e-01,3.662949317652918202e-01
1.720639352642879725e+09,8.633449905660082635e+00,1.454169356629616272e-01,3.722452157508370774e-01
1.720639353043206215e+09,9.007180012369305544e+00,1.418339427648361295e-01,3.779096614118639952e-01
1.720639353442549944e+09,9.393007336988601352e+00,1.526483959697648718e-01,3.800670177968678010e-01
1.720639353843384743e+09,9.772810366821842010e+00,1.578379025652408840e-01,3.872198486713861465e-01
1.720639354242956638e+09,1.014656916309639989e+01,1.679919713706832518e-01,3.971370759837705156e-01
1.720639354643107891e+09,1.053403453117946853e+01,1.690509573600487425e-01,4.032327913735026526e-01
1.720639355042688847e+09,1.091667171698407479e+01,1.811086721342797523e-01,4.007205739735998362e-01
1.720639355442987680e+09,1.129859452687687593e+01,1.878742895109600519e-01,4.108444618621357458e-01
1.720639355842835665e+09,1.167973932196713882e+01,1.978343315840312144e-01,4.147656973682187775e-01
1.720639356243060112e+09,1.206368350907678355e+01,2.050738990998059730e-01,4.210112521799648233e-01
1.720639356642810822e+09,1.244511493503674693e+01,2.127249411808891932e-01,4.282586135061330901e-01
1.720639357043280840e+09,1.282740496620365356e+01,2.211665627055112437e-01,4.333621300575934421e-01
1.720639357442792654e+09,1.321198515920226768e+01,2.325040474019778869e-01,4.339528700854691778e-01
1.720639357842803478e+09,1.359077126609747310e+01,2.370369272717954556e-01,4.447845999495200209e-01
1.720639358242781162e+09,1.397627472734199472e+01,2.522739376144019219e-01,4.464811218115197211e-01
1.720639358643136501e+09,1.435992453254783996e+01,2.638652801529518532e-01,4.526373508783557154e-01
1.720639359042945862e+09,1.473959279746451578e+01,2.787266367211514995e-01,4.569761878727242044e-01
1.720639359443157911e+09,1.511941211050764089e+01,2.927444127303323596e-01,4.624972587467376384e-01
1.720639359842771292e+09,1.551249620039314614e+01,3.111627142056935247e-01,4.632554909458438397e-01
1.720639360242903948e+09,1.589237071184420635e+01,3.302905376096063050e-01,4.678357338669383303e-01
1.720639360642651558e+09,1.628787543643285574e+01,3.433864654908042602e-01,4.651782374507433815e-01
1.720639361042791367e+09,1.665567112767347524e+01,3.343387774213483210e-01,4.819373207915806367e-01
1.720639361442529440e+09,1.703938598550407590e+01,3.352682021071701213e-01,4.837329367663774082e-01
1.720639361842617750e+09,1.742549941296057980e+01,3.250899592258513771e-01,4.891315976667693910e-01
1.720639362242457390e+09,1.779906235483240451e+01,3.022782172409182455e-01,5.011916041751736106e-01
1.720639362642928362e+09,1.818543005652395905e+01,2.657427824336376365e-01,5.047639403668252589e-01
1.720639363042679548e+09,1.857210171955521005e+01,2.184421167176170131e-01,5.111556573206643694e-01
1.720639363443060398e+09,1.894769456694666587e+01,1.605403464347136266e-01,5.166713451639612931e-01
1.720639363842600346e+09,1.932079550635065601e+01,9.188926864405425055e-02,5.204812019436315662e-01
1.720639364242762566e+09,1.969494299044934138e+01,1.911208802086601308e-02,5.299487681065540023e-01
1.720639364642367125e+09,2.006247254763841781e+01,-8.576769240034634589e-02,5.369403129407849251e-01
1.720639365043076515e+09,2.042209590533106223e+01,-2.017731458670813105e-01,5.436261074144698169e-01
1.720639365442638397e+09,2.079325364695307599e+01,-3.163968825667372586e-01,5.447252378218788715e-01
1.720639365842828035e+09,2.116434649947484914e+01,-4.367726425417221003e-01,5.516054242780741301e-01
1.720639366242506504e+09,2.152718485112400515e+01,-5.541625516888926128e-01,5.491945937595826832e-01
1.720639366643057346e+09,2.188741967626425478e+01,-6.839955217008922839e-01,5.542179327902549968e-01
1.720639367042595625e+09,2.224758120726300703e+01,-8.194049267816253534e-01,5.554534643826480877e-01
1.720639367442916155e+09,2.260105880560485758e+01,-9.546535613818805110e-01,5.616446850859043716e-01
1.720639367842375278e+09,2.296154620976846061e+01,-1.100368738220810716e+00,5.598951288802679338e-01
1.720639368243018389e+09,2.331499372464603326e+01,-1.249989845560292023e+00,5.628676116571911248e-01
1.720639368642943382e+09,2.366385431123431005e+01,-1.402766763581235976e+00,5.650234890108065677e-01
1.720639369043085098e+09,2.399841626099138736e+01,-1.573670350044708677e+00,5.671035219228166557e-01
1.720639369442938566e+09,2.434434419855714893e+01,-1.728415631963409860e+00,5.754293580589950885e-01
1.720639369843063831e+09,2.468447016523390047e+01,-1.890350578032703233e+00,5.774673570789338184e-01
1.720639370242660522e+09,2.502552568675436362e+01,-2.054967279119755741e+00,5.873061771661700625e-01
1.720639370642912149e+09,2.537270334959632834e+01,-2.227980516270076095e+00,5.928654626581818521e-01
1.720639371042740107e+09,2.570990733553254159e+01,-2.400521170058000475e+00,6.037364586071561900e-01
1.720639371442976475e+09,2.604643636459503853e+01,-2.575396230876860315e+00,6.074639068251479479e-01
1.720639371842567205e+09,2.638684232282757236e+01,-2.752655892492342993e+00,6.078916708348828246e-01
1.720639372243013620e+09,2.672112477522965790e+01,-2.926248908665009640e+00,6.152270580719435555e-01
1.720639372642525196e+09,2.706068154231992651e+01,-3.104094976286166041e+00,6.170558557281127232e-01
1.720639373042714834e+09,2.739161225624653540e+01,-3.285409668043453468e+00,6.272611454002846587e-01
1.720639373442653894e+09,2.772569858061951820e+01,-3.462547236804115691e+00,6.379695179143367589e-01
1.720639373842916965e+09,2.805762382085115192e+01,-3.642661485013742428e+00,6.430826088184797840e-01
1.720639374242672920e+09,2.839982663572758170e+01,-3.820928381654813855e+00,6.493412273685718050e-01
1.720639374643223286e+09,2.873663264963998998e+01,-4.009701561042114726e+00,6.589416758522561590e-01
1.720639375042926550e+09,2.908047666103781026e+01,-4.198856919306196644e+00,6.650792345384141102e-01
1.720639375443052769e+09,2.940523882214885987e+01,-4.399715327459565728e+00,6.697791677164824931e-01
1.720639375842626572e+09,2.972772823121806240e+01,-4.593160984111352541e+00,6.746377933657425885e-01
1.720639376242851496e+09,3.005565879074025304e+01,-4.797420384019361883e+00,6.777267095625321147e-01
1.720639376642503977e+09,3.038354271715250121e+01,-5.003373652762189927e+00,6.831616268971144601e-01
1.720639377043176174e+09,3.070202948959982336e+01,-5.208366264120315670e+00,6.879269510242683738e-01
1.720639377442819357e+09,3.101668639001854899e+01,-5.414747750913765145e+00,6.947019387910654542e-01
1.720639377842995405e+09,3.134248341978810970e+01,-5.625428806458483422e+00,6.965590271790137455e-01
1.720639378242514133e+09,3.166156094654294151e+01,-5.841117198709062208e+00,7.012482366762124997e-01
1.720639378643052578e+09,3.197338081201508331e+01,-6.058759104075955193e+00,7.055754750783054252e-01
1.720639379042790890e+09,3.229359210812046399e+01,-6.276325711156584219e+00,7.061106887584155389e-01
1.720639379443061829e+09,3.262317545949297681e+01,-6.504244356211758671e+00,6.963211916107260313e-01
1.720639379842942953e+09,3.290358955489712400e+01,-6.710407081005568486e+00,7.141228578545169015e-01
1.720639380242652178e+09,3.321864544961155730e+01,-6.951006623431744025e+00,7.069847174917254229e-01
1.720639380542528152e+09,3.347713612408482220e+01,-7.135165643695034809e+00,6.867583607744138785e-01
1.720639380942892551e+09,3.377887218673565428e+01,-7.367193337201861425e+00,6.985900396972422044e-01
1.720639381242616653e+09,3.402551348002355525e+01,-7.550060070420402170e+00,7.004561271056468641e-01
1.720639381642569065e+09,3.430279145718124312e+01,-7.775846289602817762e+00,6.976932266709181540e-01
1.720639382042848349e+09,3.460762215395078556e+01,-8.034564743699405653e+00,7.003654202246333282e-01
1.720639382442643404e+09,3.487799148932978710e+01,-8.272913420791480732e+00,6.998221866681879622e-01
1.720639382842314482e+09,3.515846186237398285e+01,-8.531182041174190545e+00,7.057788504855964096e-01
1.720639383242648840e+09,3.543804817402503460e+01,-8.788969849281903279e+00,7.044069501596821326e-01
1.720639383642607927e+09,3.571276260305488393e+01,-9.049281495872419256e+00,7.054106627084500980e-01
1.720639384042532206e+09,3.598969298122516847e+01,-9.320268764224040936e+00,7.069776362528281677e-01
1.720639384442909956e+09,3.625717939284294999e+01,-9.581181392706257682e+00,7.133454883926774182e-01
1.720639384942704678e+09,3.658906041861760627e+01,-9.908324944454744099e+00,7.160314133572011075e-01
1.720639385342494011e+09,3.685239870617062508e+01,-1.018234702799109925e+01,7.217371749260098612e-01
1.720639385742933989e+09,3.712748543603729701e+01,-1.046929822011661493e+01,7.279393962182928446e-01
1.720639386142605066e+09,3.738523260923064129e+01,-1.075116558022613411e+01,7.356532216062779961e-01
1.720639386543046713e+09,3.763580560976546252e+01,-1.102833328205152519e+01,7.409443511807940475e-01
1.720639386942779303e+09,3.789297186835943876e+01,-1.133080301264278766e+01,7.451819487765896088e-01
1.720639387343203068e+09,3.813325370824025384e+01,-1.162407358465461371e+01,7.497492383585666609e-01
1.720639387742664814e+09,3.836365983672139635e+01,-1.193074329357174079e+01,7.515103275279969575e-01
1.720639388143026590e+09,3.858622648736908900e+01,-1.222902134925872097e+01,7.566903562675504347e-01
1.720639388542907476e+09,3.880638413039980605e+01,-1.252830978324916522e+01,7.644650475103647036e-01
1.720639388943328142e+09,3.901143269621224619e+01,-1.284042268128784237e+01,7.711445664560180324e-01
1.720639389343209982e+09,3.922238908753471520e+01,-1.316505666881283609e+01,7.890471766887151572e-01
1.720639389742915630e+09,3.940694746125074488e+01,-1.348918753466070086e+01,8.017503495484494813e-01
1.720639390142360926e+09,3.960078659839555115e+01,-1.381457290773966484e+01,8.166261712929938632e-01
1.720639390542460442e+09,3.976198992295990564e+01,-1.414834763050493827e+01,8.281081654019317728e-01
1.720639390942692757e+09,3.993746956430657491e+01,-1.448454902735653427e+01,8.379637095088360299e-01
1.720639391343064547e+09,4.008968031859943437e+01,-1.483224550418738907e+01,8.487982295181757397e-01
1.720639391742863417e+09,4.024889565313742423e+01,-1.518542866331060281e+01,8.585145679774373040e-01
1.720639392142740488e+09,4.038213215940091771e+01,-1.553783305007329574e+01,8.682598518437012469e-01
1.720639392542744875e+09,4.051020365454596117e+01,-1.589094738801871287e+01,8.746505415045315868e-01
1.720639392942775011e+09,4.062896453651217143e+01,-1.625239140235574808e+01,8.871452496507761243e-01
1.720639393342733145e+09,4.073655539221453381e+01,-1.661292477249303090e+01,8.971370564478847731e-01
1.720639393742957115e+09,4.083684392436430244e+01,-1.697829560748615307e+01,9.044017018838322874e-01
1.720639394142543316e+09,4.091726112153732942e+01,-1.734820276390424354e+01,9.120833283635633171e-01
1.720639394543044567e+09,4.098965710203809465e+01,-1.770346109060199424e+01,9.216220738398323009e-01
1.720639394942784309e+09,4.105893737838991342e+01,-1.809438380296393589e+01,9.317673341007840504e-01
1.720639395343384743e+09,4.111241227032996193e+01,-1.846139309729345257e+01,9.372047556376092992e-01
1.720639395743193865e+09,4.114751622720638125e+01,-1.884632145758253685e+01,9.460619909431331465e-01
1.720639396143435240e+09,4.118537491504577730e+01,-1.921798039337565100e+01,9.533795882234530339e-01
1.720639396543298960e+09,4.121724221697306234e+01,-1.960618614129607096e+01,9.598278670115707456e-01
1.720639396943555117e+09,4.124617971581871245e+01,-1.997932070349593303e+01,9.656340075329366002e-01
1.720639397343476772e+09,4.126225556494249247e+01,-2.034912200455385189e+01,9.743911395172296652e-01
1.720639397743465424e+09,4.128072699648775767e+01,-2.073511404143767578e+01,9.780978463114007315e-01
1.720639398143506289e+09,4.129197168416665420e+01,-2.109910130145948770e+01,9.870984970781850887e-01
1.720639398543220282e+09,4.131107165485813937e+01,-2.148663785919729108e+01,9.934826920867936284e-01
1.720639398943223715e+09,4.131594625969096057e+01,-2.186565447495716441e+01,1.006025589232163453e+00
1.720639399343724489e+09,4.132730594177168371e+01,-2.224461495358231744e+01,1.015084512048066934e+00
1.720639399743411541e+09,4.133176850523403800e+01,-2.261952197970817124e+01,1.023821948170292373e+00
1.720639400143629074e+09,4.133201767441003938e+01,-2.300073700231629559e+01,1.034499940575672738e+00
1.720639400543325424e+09,4.133077097704229175e+01,-2.337833475923358506e+01,1.048280782047271265e+00
1.720639400943392754e+09,4.133085584916002375e+01,-2.375166689873532988e+01,1.062678441562149301e+00
1.720639401343408346e+09,4.132896850626485730e+01,-2.413494403997436422e+01,1.077088473242778122e+00
1.720639401743343830e+09,4.132926216631468463e+01,-2.452079253340155063e+01,1.092198232011799108e+00
1.720639402143408060e+09,4.132818222162980959e+01,-2.490088400662501655e+01,1.106943536371211234e+00
1.720639402543515444e+09,4.131960166694771175e+01,-2.528751966930923700e+01,1.115194725415352250e+00
1.720639402943128824e+09,4.129201001324345555e+01,-2.566511974725181844e+01,1.129705412389119035e+00
1.720639403343419790e+09,4.127837843348025615e+01,-2.604644406294320547e+01,1.136501576145663162e+00
1.720639403742817163e+09,4.126542650712370630e+01,-2.641796116687886098e+01,1.146981674545979768e+00
1.720639404143313646e+09,4.124456367495537989e+01,-2.678506074914867341e+01,1.161020524134888987e+00
1.720639404543074131e+09,4.123709321133149075e+01,-2.716576199909844291e+01,1.172005673809549675e+00
1.720639404943208456e+09,4.122479931859241731e+01,-2.753729760584444008e+01,1.189005122623260746e+00
1.720639405342997074e+09,4.120566897340699342e+01,-2.791635631697215558e+01,1.210923343821012521e+00
1.720639405743916750e+09,4.120032518696945800e+01,-2.830344858735328017e+01,1.226560318795734350e+00
1.720639406143463850e+09,4.117121376122260301e+01,-2.869728912270057819e+01,1.227642269829741561e+00
1.720639406543252707e+09,4.115494890181400223e+01,-2.905947584052280419e+01,1.256407981583044009e+00
1.720639406943218231e+09,4.112121496962232214e+01,-2.943070514021648520e+01,1.251643646659691411e+00
1.720639407343409777e+09,4.111300836754800514e+01,-2.980581229737852667e+01,1.266457680147442311e+00
1.720639407743385315e+09,4.110971024617463598e+01,-3.019200137701517406e+01,1.277653098157133016e+00
1.720639408143291235e+09,4.109202064910731877e+01,-3.055889816796435099e+01,1.304286897389804523e+00
1.720639408543227196e+09,4.106796227895775075e+01,-3.094285584476925877e+01,1.303516663011038190e+00
1.720639408943483829e+09,4.105103579005053405e+01,-3.132578305095697502e+01,1.318007247641971524e+00
1.720639409343438148e+09,4.104782973539953872e+01,-3.169669563016802627e+01,1.325750047176649460e+00
1.720639409743704796e+09,4.103724421164624658e+01,-3.207438576673405350e+01,1.343271538811482202e+00
1.720639410143341303e+09,4.101442109624419174e+01,-3.245010476405646926e+01,1.344724092009696115e+00
1.720639410543761015e+09,4.100798922659298285e+01,-3.282899812752192048e+01,1.362850837067103527e+00
1.720639410943919420e+09,4.098996038283819132e+01,-3.320035396674136763e+01,1.368880014593742089e+00
1.720639411243903160e+09,4.097976974159216468e+01,-3.350306936972829419e+01,1.372970106351098840e+00
1.720639411643322229e+09,4.097460525461681868e+01,-3.387922948937205803e+01,1.388535651625275591e+00
1.720639412043926477e+09,4.096017696937046537e+01,-3.426416095478681711e+01,1.394781346622473883e+00
1.720639412444186687e+09,4.094498022582452990e+01,-3.464547220031724351e+01,1.401518981488909743e+00
1.720639412843938828e+09,4.093141909544262091e+01,-3.502536853783860948e+01,1.414317889122199245e+00
1.720639413243802309e+09,4.090444536507111906e+01,-3.541145472877347800e+01,1.414970903422358539e+00
1.720639413644011021e+09,4.087783945111481643e+01,-3.579333510589780332e+01,1.422301677186125879e+00
1.720639414044068813e+09,4.083936653642000891e+01,-3.619137290701289089e+01,1.421113991820480260e+00
1.720639414444070101e+09,4.081788565676833969e+01,-3.656464075324318941e+01,1.427380872109010213e+00
1.720639414743901014e+09,4.079739601326416221e+01,-3.686506820058005474e+01,1.427104484543648688e+00
1.720639415143778563e+09,4.074799383842878342e+01,-3.724529834664252803e+01,1.426544434688806540e+00
1.720639415543653011e+09,4.069703811466916932e+01,-3.762893707826160039e+01,1.429883776979933074e+00
1.720639415943681955e+09,4.063955748256145739e+01,-3.800331144748358270e+01,1.435188433095706984e+00
1.720639416343819380e+09,4.057251443931323109e+01,-3.838247756779544773e+01,1.420767215037669784e+00
1.720639416743723154e+09,4.050291958242284096e+01,-3.874527192507603246e+01,1.439708606337449126e+00
1.720639417143877745e+09,4.039881912644864315e+01,-3.914106373782174586e+01,1.432911327349285058e+00
1.720639417543755293e+09,4.030889596829672428e+01,-3.948589724704976334e+01,1.434669342341840625e+00
1.720639417843624115e+09,4.020652115578086949e+01,-3.979063651549669345e+01,1.419214538788152513e+00
1.720639418243663549e+09,4.011812461462605484e+01,-4.014461106879812036e+01,1.421483808869424603e+00
1.720639418644024849e+09,4.000580328564787180e+01,-4.050725984785484002e+01,1.412762138912798004e+00
1.720639419043824434e+09,3.990421109115721521e+01,-4.083612301564215130e+01,1.411945394175528889e+00
1.720639419343843937e+09,3.979573911024304067e+01,-4.113333075354158552e+01,1.401553613968161471e+00
1.720639419743861675e+09,3.968472077435335876e+01,-4.149867098845824387e+01,1.395918045318088607e+00
1.720639420143802881e+09,3.956534419381006984e+01,-4.187861844439918002e+01,1.391381503152870902e+00
1.720639420543981552e+09,3.945178956238686396e+01,-4.220603466078239308e+01,1.396457708838895417e+00
1.720639420943592310e+09,3.933939161471309376e+01,-4.255396248305778784e+01,1.394077557622707797e+00
1.720639421343670130e+09,3.919891401031559752e+01,-4.293457694519172918e+01,1.387070785881515445e+00
1.720639421743982792e+09,3.908136428258283246e+01,-4.328770179351428737e+01,1.386509973189794298e+00
1.720639422143924236e+09,3.895359972895226264e+01,-4.365083696552617454e+01,1.385765946732375742e+00
1.720639422543600798e+09,3.881682250969991088e+01,-4.401574211304908602e+01,1.378982981075230985e+00
1.720639422943882465e+09,3.869973276144216356e+01,-4.436485241319331152e+01,1.379080265554751161e+00
1.720639423343884468e+09,3.856920820935384597e+01,-4.473167700291068627e+01,1.369330319302555443e+00
1.720639423843845129e+09,3.840104793361446411e+01,-4.518446465145495949e+01,1.352881823257433780e+00
1.720639424244458199e+09,3.827540112270539652e+01,-4.554066791198936670e+01,1.344906177638254707e+00
1.720639424543840170e+09,3.815822109464885870e+01,-4.581696597467028909e+01,1.332119352410225055e+00
1.720639424944193363e+09,3.803972796374347354e+01,-4.617776407199082911e+01,1.327294627177372899e+00
1.720639425343800545e+09,3.790595170965117688e+01,-4.653551719392621067e+01,1.318492290909960341e+00
1.720639425743765354e+09,3.777529008538304112e+01,-4.689560716684123776e+01,1.313246597490244083e+00
1.720639426143787622e+09,3.763220118205009612e+01,-4.725782090315153283e+01,1.310627443016832316e+00
1.720639426543705702e+09,3.748477898145792153e+01,-4.760805878546420189e+01,1.308285492405553363e+00
1.720639426943855047e+09,3.736007092042363098e+01,-4.794139317876056339e+01,1.311173553898406174e+00
1.720639427343644381e+09,3.718721085981702146e+01,-4.830056170931197812e+01,1.305330002790533683e+00
1.720639427743701696e+09,3.701475879413226266e+01,-4.864414361494031169e+01,1.294514483425883267e+00
1.720639428143464088e+09,3.685491047743180104e+01,-4.899600494731256362e+01,1.303394418641824259e+00
1.720639428543652296e+09,3.667326782752368786e+01,-4.933704727411080171e+01,1.292665912823431018e+00
1.720639428943596363e+09,3.648710907919043933e+01,-4.965831069055788305e+01,1.289368780950211013e+00
1.720639429343533754e+09,3.629886201219551367e+01,-4.998168143407192332e+01,1.290848090783087709e+00
1.720639429743726015e+09,3.609947784724847963e+01,-5.029509251430173578e+01,1.296192040078015140e+00
1.720639430043951511e+09,3.592592347586561630e+01,-5.054114961865922595e+01,1.288402848495611375e+00
1.720639430444153070e+09,3.571528191256392404e+01,-5.083375952602995085e+01,1.303427620123126740e+00
1.720639430843561888e+09,3.547198537563328102e+01,-5.114341561451843887e+01,1.292050867494209943e+00
1.720639431243889570e+09,3.522920573232711661e+01,-5.143350634295202184e+01,1.292801664942586637e+00
1.720639431643909931e+09,3.499187991650350682e+01,-5.169471755572885030e+01,1.298931810301545919e+00
1.720639431944366693e+09,3.478034734514502446e+01,-5.190765529356531971e+01,1.294756739706361071e+00
1.720639432343586206e+09,3.454035946832195947e+01,-5.216704559920329842e+01,1.297766400847282009e+00
1.720639432743818998e+09,3.425844030542203456e+01,-5.244110826699047578e+01,1.298055549827003663e+00
1.720639433143673182e+09,3.400867865958878866e+01,-5.269635557740861032e+01,1.302759947058042878e+00
1.720639433443650484e+09,3.377008891090796538e+01,-5.289378238039424218e+01,1.294456424447146148e+00
1.720639433844284534e+09,3.350156579900187381e+01,-5.316652064297693414e+01,1.296140362488133801e+00
1.720639434243694305e+09,3.322629965794057938e+01,-5.342012020120345994e+01,1.294140005996950116e+00
1.720639434643385649e+09,3.296184142382269044e+01,-5.367366370385946794e+01,1.294535230665391889e+00
1.720639435043614149e+09,3.266971683024959106e+01,-5.393402764565009733e+01,1.292021100588168991e+00
1.720639435443758488e+09,3.239097963645636469e+01,-5.418858051100500717e+01,1.285894694038336228e+00
1.720639435843959093e+09,3.210361876773317391e+01,-5.443489881506589967e+01,1.281262201064264250e+00
1.720639436143680811e+09,3.187010938204269550e+01,-5.463319722972079973e+01,1.267365050950089556e+00
1.720639436543514013e+09,3.157675384442854849e+01,-5.488423860115041464e+01,1.268075247078406687e+00
1.720639436943712234e+09,3.130299671260273442e+01,-5.513958949182046609e+01,1.268665212486030258e+00
1.720639437243497372e+09,3.107052597313730402e+01,-5.532931751367235051e+01,1.264605997359759204e+00
1.720639437644075155e+09,3.076865471075735314e+01,-5.555423553466668096e+01,1.258476845552265688e+00
1.720639438043404102e+09,3.047764297973718683e+01,-5.578490075246952529e+01,1.263091977838602720e+00
1.720639438443660498e+09,3.014676026891180172e+01,-5.599197888266089507e+01,1.257315293211391793e+00
1.720639438843648672e+09,2.982062068016234235e+01,-5.618053738438904787e+01,1.253236912684674742e+00
1.720639439243778229e+09,2.950776088531691599e+01,-5.636564800320044810e+01,1.253644305853395924e+00
1.720639439643507242e+09,2.918376373479303965e+01,-5.655289535843922977e+01,1.250165709233803657e+00
1.720639440043553829e+09,2.885020042625676240e+01,-5.673925201378455796e+01,1.250098381298765160e+00
1.720639440443784475e+09,2.850952509953678060e+01,-5.690469609743674795e+01,1.233242126439102249e+00
1.720639440743801594e+09,2.823286635460007687e+01,-5.703357607898375647e+01,1.224451019838596499e+00
1.720639441143781900e+09,2.789429364978685300e+01,-5.720608756785475890e+01,1.228023864227127948e+00
1.720639441543651342e+09,2.754670172254062877e+01,-5.737806286027676350e+01,1.225834015833466850e+00
1.720639441943855524e+09,2.720748691422113197e+01,-5.753179990558275136e+01,1.217429438137817233e+00
1.720639442344270229e+09,2.683790225287853204e+01,-5.767085064896633639e+01,1.207496664359952954e+00
1.720639442743942976e+09,2.647769112334423625e+01,-5.780484882083776199e+01,1.205391726142877928e+00
1.720639443143939018e+09,2.611964474420538806e+01,-5.792856942406833554e+01,1.188833103067741259e+00
1.720639443444353342e+09,2.583716583061396932e+01,-5.803046614621596433e+01,1.184571753403971472e+00
1.720639443844047546e+09,2.548473197711361848e+01,-5.815134887184522228e+01,1.176543138929303511e+00
1.720639444244182825e+09,2.513093733113221617e+01,-5.827004973733999549e+01,1.164947009356865903e+00
1.720639444644479513e+09,2.477020695674656992e+01,-5.839361292322297459e+01,1.154880791627447278e+00
1.720639445044298649e+09,2.440460204757310336e+01,-5.851597747421840978e+01,1.145364973198552239e+00
1.720639445444072247e+09,2.403649303958017924e+01,-5.863463652960516725e+01,1.135808525123851886e+00
1.720639445844678402e+09,2.367911046325080093e+01,-5.874469844333354018e+01,1.129426476552140235e+00
1.720639446244374275e+09,2.330999785551497538e+01,-5.885351610252555332e+01,1.116681792368360737e+00
1.720639446643966198e+09,2.295638272487454401e+01,-5.897152117235322777e+01,1.112767835644565384e+00
1.720639446943791866e+09,2.266337637423799123e+01,-5.904606308392449421e+01,1.103323011733912784e+00
1.720639447344226599e+09,2.230892977242626785e+01,-5.916658249683802495e+01,1.100138348335828464e+00
1.720639447844434977e+09,2.184839025610916252e+01,-5.930134658882745669e+01,1.082758226984406047e+00
1.720639448245018721e+09,2.150398686299642392e+01,-5.941332753664203636e+01,1.081428072234307036e+00
1.720639448544537783e+09,2.121284511368797254e+01,-5.950437342524617890e+01,1.067126622556343163e+00
1.720639448944659472e+09,2.085029842828300772e+01,-5.960193857852095078e+01,1.056841067716488780e+00
1.720639449344201565e+09,2.048999798687017204e+01,-5.972242332015603949e+01,1.050926498625288641e+00
1.720639449744823694e+09,2.012406618718063456e+01,-5.982075608723803128e+01,1.038877732442434532e+00
1.720639450144762516e+09,1.976069166762665930e+01,-5.993583440442991872e+01,1.031350995907403645e+00
1.720639450544839382e+09,1.939477958281660719e+01,-6.004596776035344874e+01,1.026584539802418483e+00
1.720639450944844723e+09,1.903686698047931358e+01,-6.015648215143868782e+01,1.015911794319510841e+00
1.720639451345113039e+09,1.867102013704998953e+01,-6.026445744024108109e+01,1.007999540747522182e+00
1.720639451744527578e+09,1.830378872571041171e+01,-6.037336016147258988e+01,9.966982144918909992e-01
1.720639452144840479e+09,1.793403006778473241e+01,-6.049022424800276099e+01,9.855781498175206767e-01
1.720639452544760227e+09,1.757194010185471811e+01,-6.059552702488395681e+01,9.743398495035594520e-01
1.720639452944893837e+09,1.721725480026580968e+01,-6.071075996247462569e+01,9.708469493605985656e-01
1.720639453344675541e+09,1.684771934599947230e+01,-6.081640258155625389e+01,9.549429596806555676e-01
1.720639453644973278e+09,1.655528931321931552e+01,-6.089708591132866644e+01,9.480268328864553951e-01
1.720639454044749975e+09,1.617601569756307711e+01,-6.099830807262875254e+01,9.359410431545971409e-01
1.720639454445132256e+09,1.581422680094030220e+01,-6.110235217161517340e+01,9.316600345556671492e-01
1.720639454844693184e+09,1.544381891164822207e+01,-6.118385001576144333e+01,9.261263910859863779e-01
1.720639455245049715e+09,1.508780511795539958e+01,-6.125469343929345456e+01,9.109642606235758278e-01
1.720639455644691944e+09,1.469600931192310256e+01,-6.131730739671021979e+01,8.936231501425213608e-01
1.720639455944813251e+09,1.439442002601128934e+01,-6.137355996423767834e+01,8.837908416214603768e-01
1.720639456344810247e+09,1.402432554141245191e+01,-6.143132289633901877e+01,8.708650437878523443e-01
1.720639456744981527e+09,1.366587017467833398e+01,-6.147923861210697538e+01,8.628969952768430485e-01
1.720639457144411802e+09,1.328316530226873482e+01,-6.152304831401360730e+01,8.555181583156643566e-01
1.720639457544862032e+09,1.289780996292227933e+01,-6.155031071990196523e+01,8.429876674814168469e-01
1.720639457845338106e+09,1.259776563529408833e+01,-6.156140155819591797e+01,8.350922804949363343e-01
1.720639458244694233e+09,1.222547616718883035e+01,-6.158425909958331346e+01,8.282807616454128663e-01
1.720639458644835234e+09,1.185449640270731564e+01,-6.159381799988764072e+01,8.215918915551918555e-01
1.720639459044650555e+09,1.147738360792215140e+01,-6.158833823545037944e+01,8.117887063625832678e-01
1.720639459445061922e+09,1.108941598591695410e+01,-6.156586400726427399e+01,8.004617548684640482e-01
1.720639459845489264e+09,1.070716525614080972e+01,-6.153990120522237106e+01,7.914252594347255254e-01
1.720639460245604515e+09,1.032563433711390211e+01,-6.149729390409687113e+01,7.771636962313263064e-01
1.720639460644927740e+09,9.950912787618324984e+00,-6.144706124217259458e+01,7.678962763935148761e-01
1.720639461045370817e+09,9.583704947870852919e+00,-6.138039413196438687e+01,7.586868690226945544e-01
1.720639461445160627e+09,9.208771513585354285e+00,-6.131801771956931901e+01,7.526253085646626984e-01
1.720639461845137119e+09,8.828226097759644730e+00,-6.124938532830925197e+01,7.435762415372341172e-01
1.720639462245056629e+09,8.463772501736309906e+00,-6.117321010658719160e+01,7.322100842699528211e-01
1.720639462645500422e+09,8.095188397239869715e+00,-6.108734727385517260e+01,7.208317520794329525e-01
1.720639463044598579e+09,7.716288664700962308e+00,-6.100403584283156988e+01,7.065328105119861313e-01
1.720639463445139408e+09,7.356672591620981194e+00,-6.091829994401444281e+01,6.947820560118249666e-01
1.720639463845083237e+09,6.966641469096536810e+00,-6.083738188012749504e+01,6.796260557971257610e-01
1.720639464245290279e+09,6.621121893761372057e+00,-6.075779032396169299e+01,6.687849209618814683e-01
1.720639464644891500e+09,6.261888833794039044e+00,-6.066249343140586348e+01,6.521500474025672123e-01
1.720639465045694351e+09,5.871914866826357660e+00,-6.057842292854523691e+01,6.410685258386391583e-01
1.720639465445197821e+09,5.507397130940118402e+00,-6.048110195083460638e+01,6.277691433363336015e-01
1.720639465845366478e+09,5.142583142612884295e+00,-6.040490588568403751e+01,6.158452797185849370e-01
1.720639466245367050e+09,4.772805763880404228e+00,-6.030111504857656968e+01,6.019766370792662968e-01
1.720639466645646811e+09,4.410267404915112266e+00,-6.021408288519843666e+01,5.934022712499104069e-01
1.720639467045210123e+09,4.045804817001522835e+00,-6.012069017764144263e+01,5.824332212116128948e-01
1.720639467445512533e+09,3.667562211749212153e+00,-6.002968787634095804e+01,5.646006110891180763e-01
1.720639467845700264e+09,3.299999119401807235e+00,-5.994298000791319936e+01,5.566621560339742869e-01
1.720639468245527267e+09,2.934047914171207250e+00,-5.985505076260363921e+01,5.390778834155419696e-01
1.720639468645145655e+09,2.575429041759673243e+00,-5.975560438141662445e+01,5.224062447190251923e-01
1.720639469045678616e+09,2.193446263034126709e+00,-5.965987281220847649e+01,5.085779937023584552e-01
1.720639469445712090e+09,1.825809734204592916e+00,-5.956926379387568460e+01,4.993893376921486604e-01
1.720639469845834494e+09,1.454628532183040335e+00,-5.947400409272692201e+01,4.877894282060226683e-01
1.720639470145239353e+09,1.149265122665827921e+00,-5.940173488753796960e+01,4.758346171276330860e-01
1.720639470545723200e+09,7.723550224016242360e-01,-5.930054654628430910e+01,4.691017404351427444e-01
1.720639470845749855e+09,4.809361148402084840e-01,-5.920963144590861305e+01,4.493343372833793481e-01
1.720639471246092558e+09,1.300212579243505973e-01,-5.908826193690245532e+01,4.389668572074261199e-01
1.720639471645353317e+09,-1.962751378445372896e-01,-5.898629518664075277e+01,4.348654954331394595e-01
1.720639471945664883e+09,-4.895064886609418187e-01,-5.886389147899480889e+01,4.192818257736079524e-01
1.720639472345540524e+09,-8.462741992837927718e-01,-5.872831543954377764e+01,4.095314410341190925e-01
1.720639472746006250e+09,-1.156010657161827826e+00,-5.859458965763995764e+01,4.168110184896941517e-01
1.720639473145663738e+09,-1.520701783777993921e+00,-5.841966525789619169e+01,4.019878651793671320e-01
1.720639473545455694e+09,-1.881581221068088450e+00,-5.824612771636662245e+01,3.960634019930579508e-01
1.720639473945521116e+09,-2.223707640800226315e+00,-5.807835129390152673e+01,3.885728946024471497e-01
1.720639474345654726e+09,-2.562924530302451931e+00,-5.790285048847945149e+01,3.779186978839548239e-01
1.720639474745253801e+09,-2.874088921396317442e+00,-5.773819051670488989e+01,3.715065038390968355e-01
1.720639475045485497e+09,-3.145152570431661410e+00,-5.758729691933135797e+01,3.574570147662198827e-01
1.720639475445818901e+09,-3.477481050190089906e+00,-5.740695372286293008e+01,3.485804701512089099e-01
1.720639475845071316e+09,-3.795795475426171350e+00,-5.723031778561482952e+01,3.457573566185302427e-01
1.720639476245898247e+09,-4.133076191285780077e+00,-5.704911916921043513e+01,3.344964844108013757e-01
1.720639476645829916e+09,-4.457824487434177918e+00,-5.685900214598209601e+01,3.264617935921817482e-01
1.720639477045864344e+09,-4.793567781013035933e+00,-5.666288872730074644e+01,3.072423314457481958e-01
1.720639477445899487e+09,-5.108970020646145471e+00,-5.649073977994491713e+01,3.046011109130400962e-01
1.720639477846476078e+09,-5.455865246890834186e+00,-5.628282335151948246e+01,2.823679911640653017e-01
1.720639478146260023e+09,-5.719019912772139058e+00,-5.613779952589107580e+01,2.782411178573678256e-01
1.720639478546653986e+09,-6.029602631417593450e+00,-5.594659051366503633e+01,2.635903462753468318e-01
1.720639478946368217e+09,-6.357806880361360768e+00,-5.574706916076326735e+01,2.515047681270401458e-01
1.720639479346611261e+09,-6.671749742490476365e+00,-5.553925422022504677e+01,2.372248424350695828e-01
1.720639479746312141e+09,-6.978369819546437647e+00,-5.532230140549214781e+01,2.301961389040427797e-01
1.720639480146416187e+09,-7.293807318129124084e+00,-5.510377492700890656e+01,2.237272597575792332e-01
1.720639480546134472e+09,-7.586856876660361237e+00,-5.486502152151109613e+01,2.123250572448112106e-01
1.720639480946409464e+09,-7.892634962390584263e+00,-5.462557635740221684e+01,2.009121256320136606e-01
1.720639481346165180e+09,-8.182900323624492600e+00,-5.437783075646207465e+01,1.834344758603310144e-01
1.720639481746555805e+09,-8.483410371995843136e+00,-5.413221667727987096e+01,1.750371770438909902e-01
1.720639482146484375e+09,-8.768694817065224356e+00,-5.388877193992559711e+01,1.622388819828692874e-01
1.720639482546597958e+09,-9.066203956194513580e+00,-5.363503038966695158e+01,1.507796177968732110e-01
1.720639482946277380e+09,-9.339678271574124224e+00,-5.338977016678374099e+01,1.434126192753388818e-01
1.720639483346693277e+09,-9.627032488773778596e+00,-5.313298859376056527e+01,1.304876794365126269e-01
1.720639483746522188e+09,-9.918824496584184303e+00,-5.286522457999056002e+01,1.085130390360097286e-01
1.720639484046876669e+09,-1.013271429035324900e+01,-5.265555514559311945e+01,8.586578949433720798e-02
1.720639484446786404e+09,-1.040746560039607793e+01,-5.239987665640654058e+01,5.905811838016328252e-02
1.720639484847252131e+09,-1.065929225426161864e+01,-5.216739082378205694e+01,6.397512529855597929e-02
1.720639485246568918e+09,-1.093509963773479221e+01,-5.190600435336017426e+01,4.236603001459959827e-02
1.720639485546546221e+09,-1.116553004350727818e+01,-5.170254775691753224e+01,3.514291641198896698e-02
1.720639485946665525e+09,-1.144724212214869219e+01,-5.142808594595166483e+01,3.529734932480010912e-02
1.720639486346844673e+09,-1.171705196517595482e+01,-5.117003869376112135e+01,4.041751874246157783e-02
1.720639486746480227e+09,-1.197630198741272523e+01,-5.092487113840765289e+01,5.074595948443150206e-02
1.720639487146474838e+09,-1.225023007804687403e+01,-5.066831536600847130e+01,5.015748868082159362e-02
1.720639487546361685e+09,-1.251590589051238389e+01,-5.039258395304504035e+01,4.972948750014694053e-02
1.720639487946758032e+09,-1.279677826731115076e+01,-5.011334813728556981e+01,3.894075330933835510e-02
1.720639488346492767e+09,-1.306046002482479018e+01,-4.983849385229454043e+01,2.301845443928590695e-02
1.720639488746525526e+09,-1.331942888322163654e+01,-4.956143976629879688e+01,8.887163335977499301e-03
1.720639489046529293e+09,-1.353427924530463322e+01,-4.935071022430095411e+01,-7.372202629333246549e-04
1.720639489446567059e+09,-1.379941273308910610e+01,-4.907653449170794602e+01,-1.687425228991346060e-02
1.720639489846598864e+09,-1.406186197110394964e+01,-4.881201588280769954e+01,-2.992164967123778219e-02
1.720639490246419907e+09,-1.432451448756116008e+01,-4.854941498222003560e+01,-4.107519148028124928e-02
1.720639490646868229e+09,-1.458961580631583921e+01,-4.826738906586034261e+01,-5.010631707882652608e-02
1.720639491046352148e+09,-1.486217935954910629e+01,-4.800040690476082972e+01,-5.832148762443700729e-02
1.720639491446724415e+09,-1.512946537068174280e+01,-4.773153911479624867e+01,-6.072748925219292881e-02
1.720639491846435308e+09,-1.539510128932273325e+01,-4.744900597361197470e+01,-7.565757373885370618e-02
1.720639492246543407e+09,-1.566640691974923882e+01,-4.718404476466504605e+01,-8.461397814304755238e-02
1.720639492646367311e+09,-1.592765879663392425e+01,-4.691366454482861315e+01,-9.195473819718269493e-02
1.720639493046838760e+09,-1.620007477139054330e+01,-4.664659194741759762e+01,-1.066906246679311110e-01
1.720639493446299076e+09,-1.646474362092576271e+01,-4.637576642779928449e+01,-1.083255111711166618e-01
1.720639493847137213e+09,-1.673233319836151267e+01,-4.610707575198292574e+01,-1.204649991581436819e-01
1.720639494246833563e+09,-1.699957477961603303e+01,-4.583805567297081751e+01,-1.259766164364037877e-01
1.720639494646813393e+09,-1.727104510632835854e+01,-4.556424625813328788e+01,-1.357393429496206450e-01
1.720639495046622515e+09,-1.753303536709518795e+01,-4.529839211288209100e+01,-1.388454944435284499e-01
1.720639495446760416e+09,-1.779802014424277345e+01,-4.503314880888984817e+01,-1.413980628135110273e-01
1.720639495846815348e+09,-1.806065025320659956e+01,-4.477146501486699748e+01,-1.479100990841518692e-01
1.720639496246941328e+09,-1.833709090415133147e+01,-4.450881272423029600e+01,-1.451861957205828335e-01
1.720639496646968126e+09,-1.860680257679181082e+01,-4.424677528362981604e+01,-1.467658381366903630e-01
1.720639497047132730e+09,-1.887222289639796813e+01,-4.397248587556976673e+01,-1.576070146595188737e-01
1.720639497446943998e+09,-1.914201933840205072e+01,-4.371189162855873178e+01,-1.663980718502125478e-01
1.720639497847020149e+09,-1.941884583773026662e+01,-4.343829303166724287e+01,-1.698392525901813999e-01
1.720639498246726513e+09,-1.966916123631212798e+01,-4.319525451044571440e+01,-1.744061379779314191e-01
1.720639498646993876e+09,-1.995055898200764588e+01,-4.293576632960104433e+01,-1.654146525720464334e-01
1.720639499047052622e+09,-2.020816080142268234e+01,-4.267138890287817077e+01,-1.655958737609045106e-01
1.720639499447124004e+09,-2.048104917825748927e+01,-4.240664824201862615e+01,-1.587932024145351229e-01
1.720639499846587896e+09,-2.077010770719451571e+01,-4.213376053448673986e+01,-1.570210515182464683e-01
1.720639500246940851e+09,-2.103109633840965387e+01,-4.185745631497811559e+01,-1.688800222467641277e-01
1.720639500646818638e+09,-2.129763962462948612e+01,-4.157088315268855183e+01,-1.743074227877789983e-01
1.720639501047024965e+09,-2.154738923462220512e+01,-4.128013870808701569e+01,-1.848718800536408580e-01
1.720639501446844339e+09,-2.177856256416017189e+01,-4.098395349486552419e+01,-1.973737301883365658e-01
1.720639501846750498e+09,-2.201052844146239451e+01,-4.066891892930338059e+01,-1.997580530980732905e-01
1.720639502246944189e+09,-2.222584909613071602e+01,-4.034232613107138832e+01,-2.042009212801793872e-01
1.720639502647088528e+09,-2.242106872886465041e+01,-4.000816766208213693e+01,-2.187559614675615993e-01
1.720639503046436548e+09,-2.260432611866168529e+01,-3.967095690149268705e+01,-2.282435284842493917e-01
1.720639503446871996e+09,-2.277387202332267080e+01,-3.931681032489257888e+01,-2.378614040017194009e-01
1.720639503846975803e+09,-2.291310913260793569e+01,-3.897010930449772559e+01,-2.468680835341693358e-01
1.720639504247120142e+09,-2.303890088940839576e+01,-3.860644005021575254e+01,-2.433086197418228291e-01
1.720639504646434069e+09,-2.312341263928042423e+01,-3.824033245674637271e+01,-2.436426755964529178e-01
1.720639505046785116e+09,-2.318948518921037660e+01,-3.786881622956553173e+01,-2.406065432592381370e-01
1.720639505446995497e+09,-2.322260320739643191e+01,-3.749949269849967948e+01,-2.304172573213612019e-01
1.720639505847366810e+09,-2.322596094805263434e+01,-3.712390987270178755e+01,-2.229807657210629568e-01
1.720639506246836901e+09,-2.318950300297629497e+01,-3.675227607065136937e+01,-2.184608105756451479e-01
1.720639506647201300e+09,-2.312305685809965539e+01,-3.639925436829881988e+01,-2.109312017359343816e-01
1.720639507047262192e+09,-2.306800099792777203e+01,-3.605075041179517115e+01,-1.849840511432885304e-01
1.720639507447544813e+09,-2.298670255338845436e+01,-3.570639720354228785e+01,-1.906744515080003310e-01
1.720639507847401619e+09,-2.291926293329482078e+01,-3.535836076860115895e+01,-1.741670076742611872e-01
1.720639508247779369e+09,-2.285356109543860015e+01,-3.498606512167239657e+01,-1.585327174568327280e-01
1.720639508647467375e+09,-2.279944927691094847e+01,-3.462108484558483923e+01,-1.522783729465926328e-01
1.720639509047804117e+09,-2.276515783044217756e+01,-3.425865870514623168e+01,-1.397494873741587096e-01
1.720639509447271585e+09,-2.278965067337238537e+01,-3.388713737868956599e+01,-1.287895688325473298e-01
1.720639509847312927e+09,-2.282733031150261382e+01,-3.352339129639813819e+01,-1.280231512372285163e-01
1.720639510247226000e+09,-2.291851559931942361e+01,-3.316049584100357350e+01,-1.283338147844874655e-01
1.720639510647147417e+09,-2.305128843477426415e+01,-3.278910475281990955e+01,-1.409403434749459116e-01
1.720639511046992302e+09,-2.322095410506724988e+01,-3.246298495276701601e+01,-1.543421338506105744e-01
1.720639511447347164e+09,-2.343981841960144763e+01,-3.217396220575040644e+01,-1.502154929667680605e-01
1.720639511846716642e+09,-2.364414078847761402e+01,-3.192245640536424744e+01,-1.584983797960237695e-01
1.720639512247142553e+09,-2.392544631071152139e+01,-3.166581086290596048e+01,-1.609614412877649059e-01
1.720639512647223949e+09,-2.424814448255063937e+01,-3.143122489494158245e+01,-1.799206352945854626e-01
1.720639513047346592e+09,-2.457466563683932748e+01,-3.125740920678638446e+01,-2.012548236560287584e-01
1.720639513346337795e+09,-2.487807571387219951e+01,-3.110571318511152583e+01,-2.266420621139668690e-01
1.720639513747235537e+09,-2.523573132775144146e+01,-3.100030141355599156e+01,-2.568640597789912938e-01
1.720639514147706985e+09,-2.561084194318230800e+01,-3.090286744257966944e+01,-2.910954293528127401e-01
1.720639514447651148e+09,-2.591049103060176506e+01,-3.080990827272056265e+01,-3.216990130490535726e-01
1.720639514847257137e+09,-2.627716168322540469e+01,-3.075340543858213138e+01,-3.481829617071143801e-01
1.720639515147515059e+09,-2.657172736984267303e+01,-3.066202541064051346e+01,-3.624841838987600262e-01
1.720639515547346354e+09,-2.694164581887903509e+01,-3.059292418004156033e+01,-4.005799133824961000e-01
1.720639515947534323e+09,-2.730656141157200878e+01,-3.054715386444976133e+01,-4.231750063667554240e-01
1.720639516347293139e+09,-2.769258323405168554e+01,-3.049753566289551898e+01,-4.432870385119905832e-01
1.720639516647248983e+09,-2.799297663695818272e+01,-3.044425220346415273e+01,-4.641168515660685223e-01
1.720639517047721386e+09,-2.839014931789223084e+01,-3.041231040274727349e+01,-4.972672529820063581e-01
1.720639517447418213e+09,-2.876272433427914876e+01,-3.039641319532003294e+01,-5.226356488670647060e-01
1.720639517847673178e+09,-2.913514795325162154e+01,-3.037034576971010225e+01,-5.509332934068975618e-01
1.720639518247254610e+09,-2.950738296087422086e+01,-3.036198492435548602e+01,-5.734500815108181104e-01
1.720639518647754908e+09,-2.990297463038611525e+01,-3.033389390539718988e+01,-5.959327590557041976e-01
1.720639519047445297e+09,-3.029260139569429455e+01,-3.031140037220750472e+01,-6.194940331717231352e-01
1.720639519347730160e+09,-3.060438149285072029e+01,-3.027560488648183679e+01,-6.347573448682979347e-01
1.720639519647400856e+09,-3.090360661425634348e+01,-3.023391026805754223e+01,-6.608981913866935898e-01
1.720639519948050261e+09,-3.120741025792921164e+01,-3.018866850859717488e+01,-6.698132028304935037e-01
1.720639520347563028e+09,-3.157007936248233548e+01,-3.014216434879897477e+01,-6.839561160706046916e-01
1.720639520748087406e+09,-3.193948484719492953e+01,-3.005203932948964862e+01,-7.142702572538561778e-01
1.720639521147920370e+09,-3.228666910092894682e+01,-2.995181327052449660e+01,-7.317906493352522856e-01
1.720639521548186541e+09,-3.260977315482779204e+01,-2.981798391839021534e+01,-7.495095318802600382e-01
1.720639521947787523e+09,-3.294828213682032469e+01,-2.963629200225891935e+01,-7.709617652386120401e-01
1.720639522348066807e+09,-3.324924345255865887e+01,-2.944422490651283297e+01,-7.883604676369531106e-01
1.720639522747648239e+09,-3.355068415330843123e+01,-2.921847495067779121e+01,-8.150836100702587572e-01
1.720639523047509193e+09,-3.376370035580667661e+01,-2.899899576825444925e+01,-8.234164102947576502e-01
1.720639523447791815e+09,-3.398681687976665700e+01,-2.871020203577869978e+01,-8.429171812980738032e-01
1.720639523847667933e+09,-3.418252745433284900e+01,-2.840035138677975368e+01,-8.480360064513332574e-01
1.720639524247631788e+09,-3.433140682256978238e+01,-2.806470010631721834e+01,-8.573527475283733157e-01
1.720639524647309303e+09,-3.443520492275263933e+01,-2.774343904214650181e+01,-8.607926798167850890e-01
1.720639525047904968e+09,-3.452101890377241489e+01,-2.739768427744741430e+01,-8.604488461972636948e-01
1.720639525447318792e+09,-3.457934672288112665e+01,-2.703008803595308507e+01,-8.650981876933039327e-01
1.720639525847360373e+09,-3.463522478277968730e+01,-2.665187213828886215e+01,-8.647254633340895058e-01
1.720639526247229338e+09,-3.468532045644192863e+01,-2.627148596513554324e+01,-8.637796502629093709e-01
1.720639526647298098e+09,-3.470960489059901732e+01,-2.589658856704203060e+01,-8.626665022008390693e-01
1.720639527047317266e+09,-3.474087270188306320e+01,-2.551687288658907349e+01,-8.645797413975657708e-01
1.720639527447661638e+09,-3.476497766787589683e+01,-2.515101731694074161e+01,-8.556265367382045461e-01
1.720639527848386526e+09,-3.478094775941339378e+01,-2.476399021794590283e+01,-8.491644249523930821e-01
1.720639528248024225e+09,-3.479095721831304644e+01,-2.440166329747352947e+01,-8.328612095878238364e-01
1.720639528648307562e+09,-3.480501005546872051e+01,-2.403445929233085110e+01,-8.223353919615172813e-01
1.720639529047808886e+09,-3.481841400494876382e+01,-2.366326938738420793e+01,-8.132826815636642337e-01
1.720639529447845697e+09,-3.483264462747177248e+01,-2.327646052959362422e+01,-8.088762285479196290e-01
1.720639529847879887e+09,-3.487183943313976897e+01,-2.289082601581688081e+01,-8.032483410776872779e-01
1.720639530248309135e+09,-3.492716395051341038e+01,-2.251035502802256616e+01,-8.018759232755459099e-01
1.720639530648259401e+09,-3.497927671484449519e+01,-2.214331350792233266e+01,-8.064783801875319291e-01
1.720639531048451424e+09,-3.505658330363950625e+01,-2.177676188834760751e+01,-8.025589886255861671e-01
1.720639531448174238e+09,-3.514944195879579780e+01,-2.141967592114936636e+01,-8.015542851289190196e-01
1.720639531847816706e+09,-3.525933316030515385e+01,-2.106258117789074902e+01,-8.047666582104036070e-01
1.720639532248162985e+09,-3.538906709585422306e+01,-2.071208729429130102e+01,-7.986884796053663749e-01
1.720639532648596287e+09,-3.554531625245210336e+01,-2.035652351854270492e+01,-8.070269476616093174e-01
1.720639533048128605e+09,-3.571243796207782850e+01,-2.000883408294470911e+01,-8.116598539597950079e-01
1.720639533448558092e+09,-3.588982827759059546e+01,-1.968327999106220716e+01,-8.148408090282455163e-01
1.720639533848572016e+09,-3.607836702964610964e+01,-1.935411025291676168e+01,-8.217199432809964010e-01
1.720639534248672009e+09,-3.628066956067396376e+01,-1.904516465923076396e+01,-8.305861864534404004e-01
1.720639534648444891e+09,-3.650268722690757528e+01,-1.873069846581027065e+01,-8.314115500676274584e-01
1.720639535048636436e+09,-3.675211165095924315e+01,-1.842034173023158061e+01,-8.524705192534309806e-01
1.720639535448455095e+09,-3.699990903004323428e+01,-1.813655447173657009e+01,-8.635207331372387607e-01
1.720639535848198414e+09,-3.726036898728778368e+01,-1.785229037933742546e+01,-8.753357806963668608e-01
1.720639536248293400e+09,-3.751641802944207882e+01,-1.759078146945781995e+01,-8.918736584995339278e-01
1.720639536647896051e+09,-3.779308985574171942e+01,-1.731292762265670149e+01,-9.063869245334530422e-01
1.720639537048174381e+09,-3.807427648460109282e+01,-1.704775439053821628e+01,-9.242310138046629930e-01
1.720639537448183060e+09,-3.836497897520577283e+01,-1.678729973986390789e+01,-9.397998309170874087e-01
1.720639537848260641e+09,-3.865142452828692399e+01,-1.653904881639819635e+01,-9.607506203087545771e-01
1.720639538248235941e+09,-3.893836748540570625e+01,-1.629821522620260410e+01,-9.675429834498761039e-01
1.720639538647959471e+09,-3.922687611313219946e+01,-1.605519107018067260e+01,-9.866563458454833402e-01
1.720639539048271894e+09,-3.952768885849952341e+01,-1.582331166759299990e+01,-9.999673311896293271e-01
1.720639539448373795e+09,-3.983293290534584941e+01,-1.558499881495122885e+01,-1.017143676409316910e+00
1.720639539848499537e+09,-4.014446529486341575e+01,-1.534530751771914403e+01,-1.041898360993218642e+00
1.720639540248497725e+09,-4.045974389588499776e+01,-1.512009554710023629e+01,-1.060131493620123599e+00
1.720639540648360252e+09,-4.078045452251216574e+01,-1.488788490274471954e+01,-1.084926188415050952e+00
1.720639541048682213e+09,-4.109229475460587366e+01,-1.464362104253737762e+01,-1.109259505252353062e+00
1.720639541448868275e+09,-4.138901764494916335e+01,-1.440499387413357191e+01,-1.126851784947056068e+00
1.720639541848901272e+09,-4.165582568619156945e+01,-1.416346533736832392e+01,-1.135330274457556854e+00
1.720639542248788834e+09,-4.193198807895015534e+01,-1.391233904784091280e+01,-1.141495208329311506e+00
1.720639542648867607e+09,-4.219229588965605160e+01,-1.365538543897020851e+01,-1.133967026973112358e+00
1.720639543048840284e+09,-4.241662262436907582e+01,-1.338278116661683015e+01,-1.129646796916731866e+00
1.720639543448690653e+09,-4.264350229703883599e+01,-1.308778272284393829e+01,-1.132197929422442684e+00
1.720639543848740578e+09,-4.288246104389743607e+01,-1.277992100978235612e+01,-1.137615318230836614e+00
1.720639544149063110e+09,-4.306854492694080250e+01,-1.253310961359652609e+01,-1.148053152136835564e+00
1.720639544549263477e+09,-4.330351152530015213e+01,-1.221643463147543507e+01,-1.167629260794615931e+00
1.720639544949759245e+09,-4.351045871114958175e+01,-1.187916980135669753e+01,-1.180981215232992376e+00
1.720639545249156952e+09,-4.366490804478998200e+01,-1.162308692029840707e+01,-1.211894629428746484e+00
1.720639545649177074e+09,-4.385156392006081205e+01,-1.129735941947946642e+01,-1.217389870624904891e+00
1.720639546048916817e+09,-4.401721088537252768e+01,-1.096195995519512145e+01,-1.240315307923994581e+00
1.720639546449035406e+09,-4.418175620110582003e+01,-1.062300456402271998e+01,-1.242327887986846680e+00
1.720639546849090576e+09,-4.433564728285961110e+01,-1.027736265834131757e+01,-1.254947546309396866e+00
1.720639547249127626e+09,-4.447156596563733189e+01,-9.936559941675083607e+00,-1.245326389281105506e+00
1.720639547648926258e+09,-4.460353914312619850e+01,-9.590979603213581228e+00,-1.245518861834790769e+00
1.720639548049303532e+09,-4.471658478670489956e+01,-9.232096818407972805e+00,-1.241645836645936196e+00
1.720639548448800325e+09,-4.481688730152065148e+01,-8.883479827432370968e+00,-1.234551095651421182e+00
1.720639548849244595e+09,-4.490644192407048507e+01,-8.516629506378812664e+00,-1.217150925868250688e+00
1.720639549248883724e+09,-4.497994656808973701e+01,-8.156439360113493464e+00,-1.208631236240161222e+00
1.720639549648887396e+09,-4.503571887803254725e+01,-7.783585109995408757e+00,-1.200803176357678081e+00
1.720639550048667431e+09,-4.508503382242692936e+01,-7.427273408141323863e+00,-1.178353396482133331e+00
1.720639550449187517e+09,-4.512508897452878642e+01,-7.057969893628259328e+00,-1.160061228750693729e+00
1.720639550949061155e+09,-4.513117226524021675e+01,-6.583343499609278560e+00,-1.150020327238514106e+00
1.720639551349547148e+09,-4.512627380507679931e+01,-6.212118563866198429e+00,-1.115492886186801869e+00
1.720639551749262333e+09,-4.510615136067908537e+01,-5.845019033623695570e+00,-1.099090330087072243e+00
1.720639552149559021e+09,-4.506628239594854080e+01,-5.462543997083306735e+00,-1.086023502167412502e+00
1.720639552549013853e+09,-4.501995697253796891e+01,-5.080941956729750686e+00,-1.061383590973078217e+00
1.720639552949826479e+09,-4.494117850654247093e+01,-4.693781165212233653e+00,-1.060602254500195185e+00
1.720639553349416256e+09,-4.484566632087211246e+01,-4.319964026514265143e+00,-1.057768700030548459e+00
1.720639553749941111e+09,-4.473420630619389016e+01,-3.951753051802518790e+00,-1.053884528538107102e+00
1.720639554149248838e+09,-4.459118071408365580e+01,-3.597937163067122857e+00,-1.050438572809443638e+00
1.720639554549561262e+09,-4.444344263618945945e+01,-3.249797874963703315e+00,-1.044851650052021075e+00
1.720639554949517965e+09,-4.427397832718148862e+01,-2.910185991720443344e+00,-1.041800264715531776e+00
1.720639555349798441e+09,-4.407983079521945768e+01,-2.581947408905316710e+00,-1.029916522157569458e+00
1.720639555749600410e+09,-4.385917535234789710e+01,-2.257042625699749561e+00,-1.028990381230797890e+00
1.720639556150156498e+09,-4.363449744839495992e+01,-1.952373230282982597e+00,-1.014682941283195028e+00
1.720639556549726009e+09,-4.338135208717142888e+01,-1.659078430148551719e+00,-1.011764144071189975e+00
1.720639556949724436e+09,-4.312640798574862089e+01,-1.382720690974658773e+00,-1.022668808958226538e+00
1.720639557349518061e+09,-4.285153667890379836e+01,-1.129483719287563304e+00,-1.000969055702968014e+00
1.720639557649749517e+09,-4.262007968313285744e+01,-9.346099240634643257e-01,-1.024043739429716160e+00
1.720639558049821377e+09,-4.233667000423591986e+01,-6.995746400699358603e-01,-1.017275104616294890e+00
1.720639558450179815e+09,-4.202795006799402699e+01,-5.012763995826707841e-01,-1.010704300110637721e+00
1.720639558849625349e+09,-4.170321138492417390e+01,-3.005042015231025876e-01,-1.012063747876140951e+00
1.720639559250183105e+09,-4.142686946556275274e+01,-1.476271016515842416e-01,-9.869654612259752824e-01
1.720639559549973011e+09,-4.114130886881230964e+01,-2.586189251983466927e-02,-9.769872078867529730e-01
1.720639559950196028e+09,-4.079565500246594212e+01,1.205932317370896484e-01,-9.546524770245676805e-01
1.720639560349967241e+09,-4.043571101624176123e+01,2.670121846024317014e-01,-9.367482283082043670e-01
1.720639560750068665e+09,-4.006009490872637713e+01,4.094883000571656884e-01,-9.184975876115117899e-01
1.720639561149519682e+09,-3.971250650592288878e+01,5.363726738084231282e-01,-9.023248909105484605e-01
1.720639561549907684e+09,-3.934707788236161008e+01,6.485070278872097083e-01,-8.874541659970127672e-01
1.720639561949602604e+09,-3.898666882647677312e+01,7.566876824997577078e-01,-8.704294390950916283e-01
1.720639562349926710e+09,-3.861098210478194659e+01,8.412557403768480269e-01,-8.523847181328784162e-01
1.720639562749398232e+09,-3.823206920146793664e+01,9.139796624698737215e-01,-8.366988878941372665e-01
1.720639563149917126e+09,-3.785900376124298816e+01,9.712021536150093892e-01,-8.221864789197335099e-01
1.720639563549509048e+09,-3.747621321173794229e+01,1.006375064960508325e+00,-8.091135456279064941e-01
1.720639563950311422e+09,-3.711275712028968599e+01,1.030616720723163127e+00,-7.963994061945867120e-01
1.720639564349663734e+09,-3.673002891696106076e+01,1.047824876988164844e+00,-7.844056083963757420e-01
1.720639564749638319e+09,-3.634795993165693773e+01,1.059069877177987395e+00,-7.725861928028592285e-01
1.720639565149661541e+09,-3.596735986248199168e+01,1.067866690603309410e+00,-7.589710154160971278e-01
1.720639565549903393e+09,-3.558594417897722906e+01,1.071229048852319954e+00,-7.466110998698063383e-01
1.720639565949699163e+09,-3.520242432676265310e+01,1.066973754853435485e+00,-7.340698866274467660e-01
1.720639566349892855e+09,-3.482639340959114094e+01,1.066555949192258490e+00,-7.189066458778576862e-01
1.720639566749707699e+09,-3.444882376942840807e+01,1.055622325016931207e+00,-7.045009929129689707e-01
1.720639567150224924e+09,-3.407438143170642775e+01,1.044975399979631403e+00,-6.898542005916683539e-01
1.720639567549519539e+09,-3.369996747049002295e+01,1.031347120234861192e+00,-6.749918060947540654e-01
1.720639567950014114e+09,-3.332225539017799321e+01,1.018140913675216419e+00,-6.595460671974060496e-01
1.720639568349766493e+09,-3.294597521755103031e+01,9.987376299925958545e-01,-6.449024453304825766e-01
1.720639568750079155e+09,-3.256120422521038194e+01,9.748804921385767486e-01,-6.294040010452142120e-01
1.720639569149986982e+09,-3.218074998998764613e+01,9.569675295369377555e-01,-6.169025659910111203e-01
1.720639569550404310e+09,-3.179885161423783302e+01,9.297394587754905793e-01,-6.013472393845086250e-01
1.720639569950031519e+09,-3.142008436092680768e+01,9.031539941415503980e-01,-5.879154394346022272e-01
1.720639570350282431e+09,-3.103510367215267962e+01,8.783827677561579783e-01,-5.771659090904395217e-01
1.720639570750138283e+09,-3.065054971318492605e+01,8.462492419809402033e-01,-5.645670460520605394e-01
1.720639571150735140e+09,-3.027315754364890310e+01,8.157631777111318261e-01,-5.550219533578394371e-01
1.720639571550460339e+09,-2.988850510944764594e+01,7.834145006004124001e-01,-5.457887356152221203e-01
1.720639571950462818e+09,-2.951591810583099118e+01,7.480778245579835506e-01,-5.350204582906550321e-01
1.720639572350150585e+09,-2.913159480743740204e+01,7.165711257372617826e-01,-5.240041587206167861e-01
1.720639572850549936e+09,-2.865764299783943159e+01,6.724070131035043696e-01,-5.109669042063481603e-01
1.720639573249886751e+09,-2.827551008600925186e+01,6.412557219690883104e-01,-4.982045097612609608e-01
1.720639573650255442e+09,-2.790332534986060864e+01,6.048627732510308830e-01,-4.863271211549918815e-01
1.720639574050181389e+09,-2.751966400251832923e+01,5.709617616925193317e-01,-4.739968551681192355e-01
1.720639574450342178e+09,-2.714331420413805773e+01,5.387215214313610945e-01,-4.613487052322002846e-01
1.720639574849975348e+09,-2.676634919880869745e+01,5.009782435502706521e-01,-4.526900651585072377e-01
1.720639575150419950e+09,-2.646620358806114126e+01,4.822931158415371677e-01,-4.424654776117459831e-01
1.720639575549957275e+09,-2.609551973144385428e+01,4.504242486238225762e-01,-4.353492636791546078e-01
1.720639575950633287e+09,-2.571996606757133463e+01,4.189068131743122203e-01,-4.248423907855992665e-01
1.720639576350192070e+09,-2.534002580092503720e+01,3.965434401288863153e-01,-4.170529543737850897e-01
1.720639576750054598e+09,-2.496259155037839861e+01,3.738822530337133632e-01,-4.067005510239474209e-01
1.720639577149884939e+09,-2.457774813483935006e+01,3.588971786798509922e-01,-3.974979015715601194e-01
1.720639577550235987e+09,-2.419964655644325191e+01,3.425308702716755582e-01,-3.839922010700720367e-01
1.720639577949954033e+09,-2.381074885963724697e+01,3.176547036755010267e-01,-3.783280318291476485e-01
1.720639578350583553e+09,-2.342619851431143729e+01,3.037513628590547410e-01,-3.702530724731266654e-01
1.720639578749883413e+09,-2.304848264922398116e+01,2.882045099388432230e-01,-3.670727523945146453e-01
1.720639579050088406e+09,-2.274756971147884599e+01,2.865794248068370131e-01,-3.624636043116130635e-01
1.720639579449649334e+09,-2.237210974581881118e+01,2.838085577747114230e-01,-3.540290210978365160e-01
1.720639579850187778e+09,-2.199792894844929236e+01,2.818231509148895197e-01,-3.475980142760565217e-01
1.720639580250159264e+09,-2.161323485291781665e+01,2.820274431555450101e-01,-3.407365770939907446e-01
1.720639580650512695e+09,-2.123216950338140663e+01,2.779260086548437370e-01,-3.302979397607254120e-01
1.720639581050154448e+09,-2.084576354609376736e+01,2.825151657694532914e-01,-3.249454344792343519e-01
1.720639581450433969e+09,-2.046712732825613301e+01,2.769062644137962881e-01,-3.148971025288420655e-01
1.720639581850436926e+09,-2.008874107457626934e+01,2.835301938939925881e-01,-3.067456233267514820e-01
1.720639582250786066e+09,-1.970889549663128193e+01,2.889507722288394143e-01,-2.980308321155311635e-01
1.720639582650632620e+09,-1.932704214584087410e+01,2.932042161242551237e-01,-2.891447656078670603e-01
1.720639583051132202e+09,-1.894573132382167557e+01,2.971676041569499827e-01,-2.802788697382124772e-01
1.720639583450506687e+09,-1.856150473892959241e+01,3.107400793980416576e-01,-2.718297415410814155e-01
1.720639583850909710e+09,-1.818018878083517009e+01,3.175446368956974519e-01,-2.638588933565021999e-01
1.720639584250738859e+09,-1.779637121090246765e+01,3.286828331080799970e-01,-2.547628672306309072e-01
1.720639584650822878e+09,-1.741780041895532349e+01,3.369874171937454754e-01,-2.450355965649811396e-01
1.720639585050686359e+09,-1.704741581201919587e+01,3.558032177337581703e-01,-2.377564097834048984e-01
1.720639585350283861e+09,-1.673576469280561341e+01,3.663596292735866178e-01,-2.386606803329761883e-01
1.720639585750591993e+09,-1.636164249638891377e+01,3.783524629447519994e-01,-2.301779088122493655e-01
1.720639586150658131e+09,-1.597786769834167764e+01,3.698484925511068000e-01,-2.287864665180636137e-01
1.720639586550695419e+09,-1.559971459598144428e+01,3.681485285069398539e-01,-2.224858191741555524e-01
1.720639586950210094e+09,-1.522312958696674734e+01,3.644926432745448919e-01,-2.095638819408964237e-01
1.720639587350494146e+09,-1.483833265150759573e+01,3.615605945121738163e-01,-2.033062856847210331e-01
1.720639587750452042e+09,-1.445948419962355480e+01,3.615658092762602527e-01,-1.963267784310698261e-01
1.720639588150601387e+09,-1.408305236567031216e+01,3.536700423684072669e-01,-1.889387172366524259e-01
1.720639588550362349e+09,-1.369324248292836543e+01,3.568511677633304791e-01,-1.851808624233565737e-01
1.720639588950699806e+09,-1.331267403046392239e+01,3.489748733885936760e-01,-1.745734199371014872e-01
1.720639589350390673e+09,-1.292936299538059686e+01,3.405039563911110290e-01,-1.654506547080744350e-01
1.720639589750292301e+09,-1.255314984427326053e+01,3.392854843228277906e-01,-1.595279439122797294e-01
1.720639590150362730e+09,-1.216693042659690427e+01,3.290918216319829726e-01,-1.484054029934895325e-01
1.720639590550491333e+09,-1.178991093727609751e+01,3.254844265045046536e-01,-1.466405862053624942e-01
1.720639590950115919e+09,-1.141075923917205692e+01,3.189395017321890458e-01,-1.392066313789922793e-01
1.720639591350289345e+09,-1.103110637183410603e+01,3.188427558747077284e-01,-1.351066560991258936e-01
1.720639591750417948e+09,-1.065332056063650690e+01,3.146242863927752875e-01,-1.325900723719830865e-01
1.720639592150422573e+09,-1.026234782408282520e+01,3.094313739297662180e-01,-1.232679739967346144e-01
1.720639592550131798e+09,-9.885111625467260410e+00,3.040627693401445342e-01,-1.193906366781753020e-01
1.720639592950508118e+09,-9.510514115936372193e+00,3.020675419781529425e-01,-1.212535523711494312e-01
1.720639593250367165e+09,-9.205132837289522030e+00,2.903622975633721182e-01,-1.128553615464156640e-01
1.720639593650523186e+09,-8.831270383915505562e+00,2.838280092127640208e-01,-1.119794785357964839e-01
1.720639594050464630e+09,-8.480531249760591805e+00,2.775198976324173561e-01,-1.023101265119050196e-01
1.720639594350653648e+09,-8.171801298219124376e+00,2.721093278525291148e-01,-1.054679786900504096e-01
1.720639594750232458e+09,-7.784553252664264456e+00,2.624330071427191102e-01,-9.671061043875375796e-02
1.720639595150839567e+09,-7.396501686678655041e+00,2.596046818943409384e-01,-9.385688345424954282e-02
1.720639595550774097e+09,-7.022496439943528124e+00,2.475505595887655952e-01,-9.195245804808380163e-02
1.720639595951173067e+09,-6.638121151162740929e+00,2.341307220672639577e-01,-8.407890095555885235e-02
1.720639596350536108e+09,-6.256472684788882965e+00,2.264157322634162972e-01,-8.237392599710799401e-02
1.720639596750968933e+09,-5.883095652340273318e+00,2.025268891008887850e-01,-7.566006823696752592e-02
1.720639597150554419e+09,-5.499342353500189517e+00,1.916717075994108233e-01,-7.155499962430372785e-02
1.720639597550934553e+09,-5.130494723270846436e+00,1.775706863423766879e-01,-6.668302307009980889e-02
1.720639597950528145e+09,-4.747276688947344780e+00,1.617200516378965447e-01,-6.069687398137704748e-02
1.720639598350843906e+09,-4.368347403072884383e+00,1.476729785011641483e-01,-5.501323239017094635e-02
1.720639598750429869e+09,-3.989734985314116855e+00,1.333726193775111868e-01,-4.963838749907341363e-02
1.720639599150877237e+09,-3.602884043932261804e+00,1.195136901015821096e-01,-4.276453060995091815e-02
1.720639599550661564e+09,-3.226505680367500961e+00,9.922768997315342676e-02,-3.436869947636415901e-02
1.720639599951066256e+09,-2.842396402554757895e+00,8.226508829302806025e-02,-3.072068410969865798e-02
1.720639600350925684e+09,-2.468861795634654133e+00,6.509614928637995346e-02,-2.602725987421754608e-02
1.720639600751151323e+09,-2.108006809518674807e+00,4.789846510843715627e-02,-2.033121689171668925e-02
1.720639601150699854e+09,-1.799424995246541981e+00,3.381148390144939064e-02,-1.665491813219789619e-02
1.720639601651299238e+09,-1.482396564383479998e+00,2.780850830921927780e-02,-1.364481194442820552e-02
1.720639602250662804e+09,-1.160595593939497183e+00,1.591307531418545418e-02,-7.141403208917302022e-03
1.720639604850654125e+09,-8.540563183914723355e-01,4.636220676979226074e-03,-5.753426328275870749e-03
1.720639605850375175e+09,-5.386787376960329166e-01,-4.394939272102541504e-03,-1.883936338455081787e-03
1.720639606850337982e+09,-2.206162897452915994e-01,-1.581226645119950328e-02,2.032543946995241709e-03
