timestamp,x,y,z,roll,pitch,yaw
1720639343.8415866,0.3382722361856141,-0.006574294457752161,0.00801684863497342,0.0011126251434697759,-0.001669045397474589,0.0018738895512702169
1720639344.2421792,0.31112191015132884,0.0003800733721746715,0.006743690334013709,0.001038692552669283,0.0020834571584629202,-0.0042101010351239644
1720639344.6427002,0.3345809070326555,0.008134119565951062,-0.0006047897266032575,-0.0011632924468239455,0.0045997113596787376,0.0015293749816269423
1720639345.0429525,0.33685222442071555,0.09389275848774441,0.23096843030620653,-0.0016269083700233557,0.00979196195856602,0.0025410184175465107
1720639345.4421937,0.3896853058199485,0.0010281151853135443,0.01573555481216988,-0.0018425681413552996,-0.001766456990068388,8.029153790812177e-05
1720639345.842428,0.38672254416652546,0.003929602334911072,0.014944266079449813,0.000703755186113348,-0.00252845725578843,0.0007428487987299681
1720639346.242459,0.3867365588938173,-0.0024203115401697263,0.011926104404840439,0.0006235962897339669,-0.0006650993800845217,-0.0004225385852219679
1720639346.6426785,0.3921772853006651,0.003058945260341821,0.01363418303051065,-0.0016492005224120934,-0.0033542251416862623,0.0005561490869431591
1720639347.0423114,0.3811845360093408,-0.0006065719076185475,0.009268544608476566,0.0023418201249020497,9.785465164835472e-05,0.00038375494319025375
1720639347.442352,0.37781896206565907,0.002958249421273746,0.002742077802951807,0.0012238593394359731,0.0003666181134043267,-3.755102816605952e-05
1720639347.84237,0.3927387730394037,-0.0004113896740774309,0.012298421295631124,0.0022083235907836398,-0.0011981581470266178,-0.0005499751059434872
1720639348.2424831,0.37870917097449514,-0.004824747123075189,0.03242468846066083,-0.0006665615419479147,-0.0066005713885499695,-0.0018707490197712204
1720639348.6422498,0.39021527010359097,0.010523944324669805,-0.0027518448751698934,0.0016610094756068711,0.0023941168967791526,0.0014729092566049251
1720639349.0424879,0.3789665674419107,-0.010950692982257764,0.0012815191718425541,0.00047329300008197757,0.0014965241295994414,-0.0015067497006584806
1720639349.4427638,0.3881003565639672,0.002384199520212477,0.025433280653420483,-0.00022813102096553222,-0.0038846654785409385,0.0001563777152063964
1720639349.8431602,0.3836645751981697,-0.0025746730847760273,0.02700711586984589,0.0003604791234453515,-0.004135648042231432,-0.0011200885128633345
1720639350.2427747,0.38069227420330287,-0.008410875259432979,0.000864981560039873,-0.0012618629784392468,0.0003885200357502949,-0.0021274110761689813
1720639350.6430254,0.38428136024444665,0.014831345580298607,-0.006897417005290131,0.0018015460102184034,0.0009555039356334838,0.0009764779141378301
1720639351.0427103,0.38698848012022374,-0.007185720381651102,0.008921428256027956,-0.0024972582453874313,-0.0001743942585421543,-0.0011260005812984792
1720639351.4429548,0.3780988930450046,0.005392032391932796,0.03316489406878073,-0.0007993672331046161,-0.0045360043961866214,0.00019903140162924696
1720639351.8428519,0.3881266180978286,-0.0075558403529202185,-0.042601845002867476,0.007845572542876373,0.0069713237370729875,-0.0010793360530420035
1720639352.2429922,0.38435591298007776,-0.007656194628144087,-0.0035366166977048334,-0.0035248382639554406,-0.00014468747997820053,-0.0016370915973441202
1720639352.6428797,0.3788659448422656,0.022445229081103295,0.03112165355114741,0.00976628521153751,-0.0029060409697858613,0.0017891787422082668
1720639353.0432062,0.37254835894766797,-0.03332236774256593,0.0483245646801401,-0.0006081482458889456,-0.0049534154639319095,-0.003467989487819382
1720639353.44255,0.38842278286004284,-0.02793673789419891,-0.04073028698358214,-0.007228195952524998,0.004616208036648084,-0.004639601843059048
1720639353.8433847,0.38482454912177966,0.00719097985048743,-0.10203171736592884,0.003283867271625382,0.011679364108521773,0.00038421226944098026
1720639354.2429566,0.3741878669052833,-0.018111517643016706,0.011645475838287183,-0.007432650078707938,-0.0003194866756346393,-0.0031850098098059076
1720639354.643108,0.3859884322692498,0.007060401702803255,0.04306008927676773,-0.0011567822808127256,-0.0036612465123586624,0.0005504183270966346
1720639355.0426888,0.3809887341155034,0.009626134104608976,0.04429914090705038,0.0001300961456878498,-0.004441356251287942,-0.0002264293429894091
1720639355.4429877,0.38257128107208443,-0.013466654305226037,0.002191764182765955,0.003937590846397541,0.0007989743115763837,-0.001705820315344962
1720639355.8428357,0.381593019744254,-0.015651330112004584,0.004104999112774444,-0.00401949027140894,-9.250933189086652e-05,-0.0024127658611494854
1720639356.24306,0.38461323397785874,0.017500422435298292,-0.016725353240116404,0.002542411864100859,0.0020074812497952177,0.000973846620794596
1720639356.6428108,0.38156350927472665,-0.02749535955493438,0.02231922044997823,0.0009547833657699697,-0.0012304002783478651,-0.0028813427811336004
1720639357.0432808,0.3829982568698298,-0.014607192131379896,-0.0033248014330973666,-0.002129743477826314,0.000636840522350246,-0.0019267575435090389
1720639357.4427927,0.38649478084863464,-0.003353027156363634,-0.04584244705749544,-0.0005368327652228922,0.003610269499472629,-0.0011653332296328836
1720639357.8428035,0.37849634311720204,-0.024942119676731028,0.03725127488106178,-0.00039586617856886893,-0.0020075365198886086,-0.0022431842859528344
1720639358.2427812,0.3843044235751648,0.008790296563723925,0.04381198879431636,0.0020666299800471675,-0.0030617408950364133,-0.0004130778590595631
1720639358.6431365,0.3833409254740287,-0.01722498365759741,0.03389909857920403,-0.0015527939145764682,-0.0020162809150754413,-0.0021083432005188957
1720639359.0429459,0.37968923655536,-0.004944007239809859,0.015797397479274906,0.0014773342801648222,-0.0007688141678710014,-0.0013338180357250376
1720639359.443158,0.38041128897461807,-0.021000539014177307,0.009142543901822172,0.0008566675874364928,-0.00022748326635801952,-0.002349496848143827
1720639359.8427713,0.39370249839013455,0.010451857497409279,-0.014107630618941283,-0.0017336157203005384,0.0009487275577473309,-0.0005816103059127706
1720639360.242904,0.37804025685437204,0.1067215504515861,0.015581719875691298,0.003619881514849235,-0.0006571503120487154,0.005751984568473379
1720639360.6426516,0.3902010883264782,0.2934860026502092,0.06911104470471503,-0.002152739421148341,-0.004521489891029518,0.01758711118859605
1720639361.0427914,0.3742885580301166,0.3617535083441041,-0.25631828770374043,0.0026458031039668776,0.016762171811997906,0.02288186751801067
1720639361.4425294,0.3861130250973186,0.35595026419810205,-0.16703481824900415,-0.00013880281894666666,0.010136311240848794,0.02130694523041771
1720639361.8426178,0.3846788814759296,0.40360812537427937,-0.05063464411327977,-0.001252008162576502,0.003293759256430162,0.02424104167657967
1720639362.2424574,0.3650030316661595,0.4684018932613935,0.36356372509159784,-0.0025751382851507874,-0.02014035367120881,0.02816531187145483
1720639362.6429284,0.3822853882984261,0.49527890095172933,0.1245811574131878,-0.00027882237435726017,-0.006793998741210006,0.02986969368270807
1720639363.0426795,0.3868133947478803,0.5339602855118938,0.03052166827897878,0.0017789677002544185,-0.0013578260567668199,0.032007972943859604
1720639363.4430604,0.38508527329767855,0.5411131456109339,-0.2021192375067715,-0.00018207019739168492,0.01118719622473674,0.03224590676909953
1720639363.8426003,0.38134517196092327,0.5799221616267357,-0.0852388741630877,-0.0014684186137519269,0.004739220954685486,0.03418440229578159
1720639364.2427626,0.3855395526186675,0.6595351996828617,-0.026181100386864865,-1.6768720423950672e-05,0.0018466897559712425,0.03790798578677572
1720639364.6423671,0.3780616731384118,0.6394872350960841,0.12467319105963957,-0.00024152610624307723,-0.005969929135765328,0.037798079361460186
1720639365.0430765,0.35826649607954086,0.08643866115620107,0.14594644711996232,-0.0022376315673233835,-0.006909316500095741,0.010046680539509176
1720639365.4426384,0.37221547100157726,0.1699170087896457,0.16664914891806976,0.00039731325529430907,-0.008116998484830162,0.013941749947201173
1720639365.842828,0.37627751662652636,0.1246496830817696,0.006424046040958635,-0.0018627655363421159,7.220443070954374e-05,0.011736321844606842
1720639366.2425065,0.3716520665182135,0.14850782353616868,-0.06259669291399331,0.002297632117839234,0.002768425078244263,0.01263178635421185
1720639366.6430573,0.3731962397807045,0.22543263237458397,-0.028473072468098472,0.00021509042967894198,0.0015478180920609486,0.016513195991430144
1720639367.0425956,0.37321564491229603,0.2219944583926774,0.04382269824675129,0.001438636648896914,-0.0020154621964239006,0.01636768777397168
1720639367.4429162,0.3664042260443471,0.16006651138929032,0.0027552095359139714,-0.0005110610765015402,0.00018015207411381517,0.013264818032067508
1720639367.8423753,0.37588657710321816,0.19533002574019023,0.06612293503103646,-0.002740108419151999,-0.0028480947339688534,0.015035050124965447
1720639368.2430184,0.3746954809078187,0.23611746441764106,0.02333094904614928,0.0006046818368558389,-0.000926641014917351,0.01682109859866868
1720639368.6429434,0.37321289922905565,0.20206419832275918,-0.09737151673803544,-0.002301663743638902,0.00443153166303123,0.015160606486397922
1720639369.043085,0.3576734514271965,0.15336246984533008,-0.06348671787362994,0.0020765527886935707,0.0026216196252506485,0.013764239080830734
1720639369.4429386,0.35856819791527694,-0.05122491643978302,-0.19373171856693702,0.001457686028403483,0.008321084981963489,0.004360915854104811
1720639369.8430638,0.3575864226876015,0.010216354419224189,-0.16832531696785244,0.0001304355468062085,0.0069922054498838815,0.0070773435529333465
1720639370.2426605,0.3536203064229935,-0.0004412326104119545,0.034161690731060464,0.0016504566992340554,-0.0011233377005506195,0.006689596268818978
1720639370.6429121,0.3581678640445205,-0.018956629209612087,0.10503058192589082,-0.0008610654329281472,-0.0039006655395172896,0.006140747814646272
1720639371.04274,0.34628355638285363,-0.03923313277513934,0.15610994124473082,-0.0009903307374360896,-0.005634392340729155,0.005237685203062771
1720639371.4429765,0.3493554281576881,-0.01982385790081158,0.10207693262817452,-0.0003790093602437378,-0.0037897224343601543,0.006025069606250028
1720639371.8425672,0.3580835864625899,-0.013957782688825323,-0.04155174199703364,0.0006709465001984872,0.001542182101825773,0.00628834597806811
1720639372.2430136,0.34512777417038976,-0.08581621528908881,-0.056203377804764136,0.002035362903573278,0.002189661961137679,0.003378706751628155
1720639372.6425252,0.35321003776007537,-0.061130113623339075,-0.02425291511671996,0.0026661607219544536,0.0006727056782092067,0.004432601738496749
1720639373.0427148,0.34289084783951895,-0.09176245447646343,-0.05386786690752709,0.0005694373098994283,0.002301503248983705,0.0033242657451501645
1720639373.442654,0.341038857082302,-0.1287761313443502,-0.03595723659066265,0.0024650141726368677,0.001403893052048799,0.0018260353214192835
1720639373.842917,0.35091690142259824,-0.05184768041739114,-0.10193293321081268,0.002251670290407167,0.003571493510852175,0.00468783553700872
1720639374.242673,0.35961837212188175,-0.0464610663436036,0.006760938356044618,-0.0014012888203680201,0.00017068906788497706,0.004666889421148641
1720639374.6432233,0.36041912776786933,-0.003994482852735512,0.09670717713932904,-0.0007561332686114977,-0.0029630678417400524,0.006494205017555413
1720639375.0429265,0.40544904297408557,0.24775033849103675,0.13930192488976492,-0.006200841913662688,-0.0036828537748549994,0.01510385113664613
1720639375.4430528,0.39726717132841405,0.29762719391600284,0.20137059365020205,-0.0029982282653714287,-0.006294816098907141,0.01711455150879794
1720639375.8426266,0.35948392973679405,0.05603033000076833,0.07014126145064131,-0.0018606441561660207,-0.0019284221124353795,0.008450985797128028
1720639376.2428515,0.3686248263685327,0.03458682226187729,-0.1108229236538603,0.0034965763126484275,0.0032676765537924535,0.008131412299318788
1720639376.642504,0.36874212946540186,0.01656597489837444,-0.17073122076174516,0.0018900369819934467,0.005552746729377667,0.007461483127251024
1720639377.0431762,0.36399300177737587,0.06576279766902181,0.019174032680705128,0.000793379375439765,-0.0006128751869567406,0.008935352721814374
1720639377.4428194,0.3545154461123162,0.02488053596519133,0.01893976266094372,0.0002962217468895743,-0.0004492900794130783,0.007543877842725319
1720639377.8429954,0.37291824638064974,0.05896328506249337,0.05573289906857632,-4.965694883183394e-05,-0.0017305547674406618,0.008699214181588526
1720639378.2425141,0.3566502420432535,0.009288032397141079,0.1940647691659437,0.00034721465506249685,-0.006114618075978573,0.00718830885588585
1720639378.6430526,0.3605759279372316,0.05106949933610337,0.10109008377347752,-0.00013471648261855016,-0.003034931305999189,0.008491170637792918
1720639379.042791,0.36871463369994606,0.04850643185819209,0.15640550567027697,-0.0006099518632574895,-0.004761784970013894,0.008317832493395967
1720639379.4430618,0.3782508455514167,0.05167594934636596,0.46895898859229357,-0.010973744747590672,-0.012617652161969195,0.008575666362903174
1720639379.842943,0.3321833387528573,0.018943411951575725,-0.22447926973691507,0.014955279446988462,0.004345312651000688,0.0073127822556019835
1720639380.2426522,0.37723507392276745,0.025482137389538518,-0.2708237258094339,-0.00024347091680124497,0.008079891806551887,0.00808622079347806
1720639380.5425282,0.3391053056843215,0.21880705632458233,0.3956827986560032,-0.0013330576208080095,-0.012255976052484074,0.012134545546439807
1720639380.9428926,0.33324486906594064,-0.06832044810534832,0.23239613591707017,-0.011131835893664482,-0.004166473471545418,0.004723992375158143
1720639381.2426167,0.348028242851655,0.24092431371377285,-0.24997658768586112,0.004441059520868781,0.006449877294136819,0.012686613432652219
1720639381.642569,0.5053889034888467,0.6829742994242197,-0.49123414644315194,0.013748551849802537,0.011007016066556297,0.027250861272436592
1720639382.0428483,0.4951211500291872,0.5347665066228212,-0.03168669037798772,-0.0033758241042985194,0.0018550952791704933,0.02312097051357424
1720639382.4426434,0.3626652549998013,0.1576872353209218,0.10865299929600356,-0.0024506234091152693,-0.0025652346701470208,0.011416387655105198
1720639382.8423145,0.3714989492868648,0.12007409302050269,0.051472748813490316,-0.0016843691585983888,-0.0008895683088758766,0.01082977693583716
1720639383.2426488,0.37219161264991185,0.10830086883629317,-0.08357066312245069,0.00014179511046950969,0.002308089682263814,0.010429094260678744
1720639383.642608,0.3859789984515357,0.17429422679122214,-0.03042191971523715,0.000994130819487029,0.000629994702882497,0.012303415517250912
1720639384.0425322,0.3751402629693107,0.09927257186674109,-0.10812250054577294,-2.991873492998195e-05,0.003087714822028964,0.010380874036879708
1720639384.44291,0.367146690270486,0.10579418926262746,-0.1192917561480604,0.003983578048999472,0.0024257996750398636,0.010293144113592952
1720639384.9427047,0.4449545582154372,0.08534401452827309,-0.07209832269365085,0.0017278595935229409,0.0015912545059069139,0.011431376323810053
1720639385.342494,0.3685190115861938,0.10857886339704474,0.03594330201973661,-0.00047417561896686286,-0.0006950488999812876,0.010462797112978088
1720639385.742934,0.4457548566228781,0.30794865910531233,-0.04793259723760091,-0.0013982680257063986,0.0018865568036483538,0.016149780155890008
1720639386.142605,0.4523874608604091,0.38508643279008475,0.004136893310453171,0.0018998855222663977,-0.00047605486337354286,0.018047676383932017
1720639386.5430467,0.4512755057128702,0.3946632400491268,-0.04023145429722821,-0.0001200311323033558,0.0012610911979806794,0.018015621294949574
1720639386.9427793,0.5134533306184633,0.5395802703698236,0.043332956002542264,-0.001324390484584475,-0.0006253450713700204,0.022424216529662068
1720639387.343203,0.49070891529069643,0.5187229459444883,0.10863771012478292,-0.0030818945706043727,-0.0017706508580972447,0.021445341885570523
1720639387.7426648,0.531085009762214,0.6423335761664674,0.08798264227884628,0.00060796907568068,-0.002481137822411217,0.024994836457029747
1720639388.1430266,0.5341993265864423,0.6628674451705261,0.03541950264357344,0.005584707037946399,-0.0026871166730322305,0.025255154725691162
1720639388.5429075,0.519235552903712,0.5664175686426107,-0.5164671812956412,0.013586153946116005,0.00904172269761161,0.022940706909317817
1720639388.9433281,0.5229497475090673,0.623273411275175,-0.14753380193853002,0.009742625767909434,0.0005975788845600238,0.024416756856609403
1720639389.34321,0.5319685017534476,0.6058282456950496,-0.09247602455741433,-0.00226747559157239,0.003659709272219258,0.023895106030513678
1720639389.7429156,0.5653651632154102,0.7655543761446412,0.11550264256965032,-0.002952506153991296,-0.0015631758474301538,0.0278628694638894
1720639390.142361,0.5634688196705722,0.7098127822458773,0.017543476317911984,-0.002862951712008992,0.00099676975009233,0.02633157288550432
1720639390.5424604,0.5321812575272127,0.6805283916948763,-0.09825576434207302,-0.0006223110954839489,0.0030324296052843813,0.025716759391686755
1720639390.9426928,0.5691788845719198,0.7205307768937491,-0.06789695476636398,0.0006502870431597764,0.0017238072289265105,0.026721382820735485
1720639391.3430645,0.5582983341512379,0.725181647035398,-0.012664328173245965,-0.003050457073320984,0.0017947919045080418,0.026931107660339102
1720639391.7428634,0.6270505095498228,0.8578091926683055,0.06962947338653952,-0.0025540400456289026,-0.00047803871820417676,0.030330333865324213
1720639392.1427405,0.5739249732279618,0.7700207196851744,0.05067909377094543,-0.0025706117836067446,2.4733679178545742e-05,0.027984928117637777
1720639392.5427449,0.5768270797391228,0.7700389954330661,0.07985694144320364,-0.0020326039458068166,-0.0009917304186619624,0.027925921108529712
1720639392.942775,0.6019046433917002,0.817926969235514,-0.008694912644351249,-0.0024095367704466165,0.0015568825193745806,0.029230157416835007
1720639393.3427331,0.5917348385061695,0.8003546770017248,-0.0034704179087567634,-0.0006045178406552382,0.0005975499709724996,0.028728452117696496
1720639393.742957,0.6356935118779354,0.8826620937419918,-0.15142267987343652,0.0009432840873120557,0.0035280763722478348,0.03086000738480358
1720639394.1425433,0.5975914818177205,0.8214831141928891,-0.0444944842545631,-0.0002113124511205229,0.0013892638977015537,0.029352744166282654
1720639394.5430446,0.5889702606837918,0.8081357780633645,-0.1364785557433231,3.413262495902997e-05,0.0035984269060025387,0.02861115359415655
1720639394.9427843,0.6447038330373626,0.8870103218423913,0.03159224192247392,-0.002954134102856251,0.0008566844627269088,0.031327104308698304
1720639395.3433847,0.5979289437424247,0.8182461003500167,-0.05446424395545478,-0.002353882804113511,0.002598515298083859,0.028998360545850053
1720639395.7431939,0.3455919382436428,0.2881866285955733,-0.056636941986715233,-0.001712089736087428,0.0024079692640044392,0.01639116586612888
1720639396.1434352,0.28136361318847314,0.14952606058307671,-0.025655965192650607,-0.00013223592825518956,0.0008687233120265869,0.012700386163977177
1720639396.543299,0.2832572603810068,0.13595691345950123,-0.1038793818846693,0.0005601353693039173,0.002425032011730055,0.01277975621700688
1720639396.943555,0.26399740385700704,0.11164523763164438,-0.03370628268548138,-0.000625984660118972,0.0012709928271619209,0.011779579141783238
1720639397.3434768,0.21954060759183847,0.04162511726194513,-0.05809455195043894,0.0008010248488408949,0.0012308421213100829,0.010019270916926521
1720639397.7434654,0.2435472716973539,0.06351521227676563,-0.01025439727394134,0.000864386851876442,-9.78948668277635e-05,0.010944177732076737
1720639398.1435063,0.18774723023957587,-0.02054758962201055,-0.07937068921067618,0.0032007221363849103,0.0005084458099084976,0.008417581034888
1720639398.5432203,0.21158345691796937,-0.011584246794037877,0.08380860210374544,-0.0002388993046795901,-0.0017590367539337404,0.009120833685015182
1720639398.9432237,0.18650913550527362,-0.029834506301181483,0.09299559591871417,0.001291021355444632,-0.002641591591865833,0.008499488716681531
1720639399.3437245,0.17261200431337373,-0.07443306137439067,0.06611126762841478,0.0026458016191803838,-0.0028117612321150176,0.007444324811311419
1720639399.7434115,0.16625878496356916,-0.0727712424240745,0.10493780659886714,0.0033299716939697473,-0.004161084572510632,0.007396608758837988
1720639400.143629,0.1243893151425296,-0.1528033006159098,0.08089398971991649,0.0024969707068639995,-0.003088603147802571,0.005590767965719147
1720639400.5433254,0.13015047243407776,-0.14054747496630351,0.07160786805776569,0.004834591592099944,-0.004130789050631023,0.005852503914926245
1720639400.9433928,0.10438880473657203,-0.18443232996872216,0.14511204869505562,0.0022971987664166184,-0.004484126294942659,0.00462600335205587
1720639401.3434083,0.07975959284762518,-0.2390300329813469,0.0777542196818825,0.0006025969736515992,-0.0018847820735035103,0.0035080670373836757
1720639401.7433438,0.12513571494969308,-0.16608788520389692,0.1935291813022323,-0.0010486550175822914,-0.003710476696457965,0.005302458476673827
1720639402.143408,0.07840756574178549,-0.2377842881811013,0.2364966553665878,-0.006548492567076264,-0.0014610059552706556,0.0032957695068957147
1720639402.5435154,0.06172558808457168,-0.26816802272799567,0.057982024852694505,-0.005278428590012145,0.0019951189830518246,0.002725290784649506
1720639402.9431288,-0.020863024029626535,-0.3673199524351878,-0.0015059578042611625,-0.006741977381757573,0.004515159286933468,5.030710689048519e-05
1720639403.3434198,0.15014417657708667,-0.1335513697718428,-0.27595588333272386,7.39960696791156e-05,0.00682752132754616,0.006014312836809705
1720639403.7428172,0.06336855288140922,-0.2760297263670503,-0.46647769868246564,0.00684322510420282,0.007232439036761962,0.0025679896526469123
1720639404.1433136,0.24497734366902504,0.026666688191469615,-0.33057475625187493,0.01708051166084852,-0.0027693897618663588,0.010097682085361824
1720639404.5430741,0.10126320293828991,-0.21158122829061188,0.0687789402291759,0.006824356936709663,-0.005877607752577507,0.004273684879980545
1720639404.9432085,0.10991308632267982,-0.18539118014767123,0.05347714032310066,0.009005745825825738,-0.006879941239802845,0.004742517511430297
1720639405.342997,0.13330427483707322,-0.13031877637111763,0.7664603727357175,-0.002506285355607068,-0.016434497927870106,0.006016733995285063
1720639405.7439167,0.07090135441597281,-0.25322471158761595,0.7246871990078342,-0.016713932548274815,-0.005843275118850633,0.0029530809485262223
1720639406.1434639,0.08954847428944787,-0.19548048079513555,1.2162819343892524,-0.03451554183248638,-0.005639103060306461,0.004399644943972778
1720639406.5432527,-0.08304119009898256,-0.4425118172503112,0.47673216636176946,0.0038853060835025302,-0.013561192775387587,-0.0018814377801489154
1720639406.9432182,-0.061714689724801194,-0.43547151811297385,-0.4816330554105935,0.021078299657502915,-0.0032694981157812553,-0.0008295813614081088
1720639407.3434098,-0.10135133435358405,-0.5093214641150859,-0.06752757661551141,0.012897553529985154,-0.007173205096279167,-0.002901727441029159
1720639407.7433853,-0.047975509405225394,-0.44116335098016835,0.18113187820463483,0.002407407336473959,-0.005869644810515551,-0.0012744511611837307
1720639408.1432912,-0.010882033961142375,-0.33680171313359203,0.6928148911121788,-0.010971237433403485,-0.008142629503938847,0.0005247396838349502
1720639408.5432272,-0.029650239714942482,-0.36900040235774356,0.7315103440415691,-0.012084025708814327,-0.00883062244257049,0.00014147231272023937
1720639408.9434838,-0.1452180681487427,-0.555939346073182,-0.031954120189980374,0.0018380363364126106,-0.0002454998355418958,-0.004147204308737709
1720639409.3434381,-0.06329577470585003,-0.43537403364783295,0.412241630263492,-0.01448421577917952,0.0011720505074916954,-0.0019709804447157115
1720639409.7437048,-0.3557284802384251,-0.8501482044636993,-0.3977779806589479,0.007955378846843632,0.004030507526838312,-0.011148827422039386
1720639410.1433413,-0.09462433396892247,-0.4767963434947267,-0.1979831669528966,0.000910944321259681,0.004142559831667114,-0.0024268427279804435
1720639410.543761,-0.2907562414245954,-0.7648796891674953,-0.45545922477278367,0.0030585047724791346,0.009090916498635027,-0.009245371023127556
1720639410.9439194,-0.1736809570719161,-0.6039264660593293,-0.7007109356477296,0.0025598379401604947,0.015136856038954871,-0.005532540004468396
1720639411.2439032,-0.061119470834460246,-0.38617639499879675,-0.42452830854520623,0.0049536777032337794,0.006445145632401061,-0.0018274652814843772
1720639411.6433222,0.10991214782372441,-0.25036822149246696,-0.302256852792866,-0.004374616036534709,0.011374372467903848,0.00288467045000773
1720639412.0439265,0.14959404420484776,-0.20425950104769242,-0.35676999170691875,-0.00474477880669926,0.012851042208418706,0.004204502777091969
1720639412.4441867,0.20376573876918833,-0.15951393939978936,-0.7400606337911253,0.00019290661465328214,0.018159358528305747,0.00543741311413443
1720639412.8439388,0.21165021296947523,-0.12655318835348717,-0.24022570114756953,0.0010999744318307748,0.0052705200311589095,0.006247893287154533
1720639413.2438023,0.3171605012809342,0.014017852538730526,0.04895287794943126,-0.011010296321973536,0.008416336559406767,0.009392970199897942
1720639413.644011,0.49911501278482306,0.21929015760941434,0.08202049280444297,-0.007147944212923833,0.0045240250168154805,0.014532170863873475
1720639414.0440688,0.24939176849996558,-0.10093783940105415,-0.608167463584073,0.004613384256704154,0.010848953407164519,0.007512398621025533
1720639414.44407,0.6104216566045529,0.3460622929664817,0.6219392054822191,-0.00591315645930035,-0.009885861308950306,0.017619693590767947
1720639414.743901,0.1820900319342021,-0.09754737508633002,-0.4850909674528999,0.0029597167097436,0.00925545271378203,0.005116829406117341
1720639415.1437786,0.9248829139261174,0.6673104073824628,-0.07390078767307465,0.0030473405655659274,-0.0010596727685476814,0.026095013943159398
1720639415.543653,1.0274539620567522,0.7820789122189326,0.6787356231284746,-0.006859380620114688,-0.010385850396096963,0.028843546100377763
1720639415.943682,0.9964749886872136,0.7387464509519523,0.12776931880039552,-0.004525068873588856,0.0013326545141703061,0.02755065042725182
1720639416.3438194,1.1331845264174718,0.8804649778519488,0.5011597605754781,0.0028836636958262363,-0.015946897572135965,0.03152633440675263
1720639416.7437232,0.9712276986632569,0.7111507373178023,0.09876149926882984,0.00231828724904187,-0.0043334148015903295,0.026888991476393
1720639417.1438777,1.1090833077595357,0.8318251483908463,-0.06380691853987457,0.0033080760383284082,-0.0019148566589382021,0.03088737858820907
1720639417.5437553,0.6407913920634143,0.42117689455983015,1.5218759755477513,-0.028981446066990633,-0.009169295309536585,0.01878090799293591
1720639417.843624,0.14640180395296604,-0.04296354782255408,0.27432027226100736,-0.016785344490828975,0.009414249946443354,0.005895659271053896
1720639418.2436635,0.28105778493002725,0.028553568060166984,0.4223756405750722,-0.004686637587816299,-0.005820267597699713,0.009430798128606298
1720639418.6440248,-0.07204573806186229,-0.33281647847140744,-0.2767508890165399,0.006582108453475381,8.887655805933647e-05,0.000999612603833182
1720639419.0438244,0.0898745827904444,-0.16099567689534072,-0.49879219848251005,0.012294714658472795,-5.63979195145059e-05,0.004717719714224409
1720639419.343844,0.02784863231802006,-0.1944894406415606,-0.7090753077937905,0.009113696327533916,0.008183545112854906,0.0030182197714678756
1720639419.7438617,-0.010222619188065234,-0.2898495903697636,-0.5433113654505878,0.005652046417551646,0.007675653198726762,0.002158242314992222
1720639420.143803,0.13449524748952954,-0.14515510601756432,-0.18707758480407982,-0.0019409428927966335,0.006682716742169914,0.005855218970027082
1720639420.5439816,0.24906848802156328,0.008587552348713404,-0.10134676494251471,0.008589401118568617,-0.006536592733254132,0.008819456799465596
1720639420.9435923,0.15239199979658902,-0.10488626491881918,-0.08853668814755918,0.00475784942116462,-0.002955866975566046,0.00634869504049478
1720639421.3436701,0.01969544674012366,-0.2231263302018646,0.3422133923672307,-0.00408614537883942,-0.004459427369357005,0.003893937741031677
1720639421.7439828,0.11981117332879371,-0.12101658917821795,0.6855176763124716,-0.010769261632586615,-0.005679311277445809,0.0056825680971067305
1720639422.1439242,-0.10577205293228527,-0.3539331556525504,-0.30069992632492587,0.00047016881620090664,0.007157272632029477,0.00025566070684928413
1720639422.5436008,-0.0007602965200266342,-0.23618319017561887,0.2634864573662744,-0.009730901303271497,0.00401038957143518,0.0029776011503348885
1720639422.9438825,-0.13944435805212393,-0.36599771061062436,0.09379309310907814,0.00011237294399570681,-0.0025398152192199763,-0.00043123479826206497
1720639423.3438845,-0.12328177352676767,-0.3624821579660435,-0.0718759693069875,-0.00681171490702654,0.009413937564629382,-0.00016804513118299355
1720639423.8438451,-0.12649427548234252,-0.40713280656759465,0.3524523696339258,-0.0035646722480847577,-0.0054327160313563105,0.0010845561698909318
1720639424.2444582,-0.14230590497403836,-0.3707889504717248,-0.02200230623182737,-0.002265826480426907,0.0030289056622918586,-0.00046337185592253746
1720639424.5438402,0.04280337238374426,-0.15015920195837296,-0.2569774482211396,0.003011078671322325,0.0027986505193915434,0.0034221364967466418
1720639424.9441934,-0.12262559045123476,-0.3750268298343706,-0.334867378127654,0.006349962834043848,0.0010262653799559818,-0.00012047811385494356
1720639425.3438005,0.04392115898840653,-0.2271771087272253,-0.4627405421643253,0.011098433939901637,-0.001587675534781452,0.003886506209183875
1720639425.7437654,0.28849678492810354,-0.022494848393175428,-0.0304896388738449,0.006115895050011322,-0.00697521034035975,0.009151334195806979
1720639426.1437876,0.39173893148814315,0.05800186504813376,-0.19137666487836763,0.0009024743779407182,0.003921668279655233,0.011238089472490843
1720639426.5437057,0.7392404660396714,0.3406543429738791,-0.06585247508310191,0.0003469709658996815,0.001275598098664954,0.01858971246848178
1720639426.943855,0.9282392135977054,0.490742408846075,0.6807701530500674,-0.0026406746801558452,-0.015099385389788056,0.022251640203074706
1720639427.3436444,0.7556893931322785,0.3289411882782542,-0.6406778964194518,0.006192684614959388,0.009156562147395908,0.018947390876154234
1720639427.7437017,1.0049418818869764,0.5501688399086287,0.42877351465984376,-0.007601978306352317,-0.0018229932098483559,0.024201333451978356
1720639428.143464,1.0108798173184481,0.5188071994830096,0.07470061181789382,-0.00851623446964557,0.009924497305823454,0.023557828577435682
1720639428.5436523,1.1707202430398325,0.6525720358822698,0.19775022631536548,0.002440200750284507,-0.00930957169954194,0.02753607737451984
1720639428.9435964,1.2369265994950185,0.6994244547655768,-0.21626670645413965,0.006727610162247439,-0.0035703888350373525,0.028632386806678196
1720639429.3435338,1.116607849867669,0.6091841034830444,-0.010204432524546203,0.00562761756544622,-0.007761718591954958,0.0262075450393635
1720639429.743726,1.4401842171189467,0.8292778348321392,-0.2767900373785813,0.0014412561007404634,0.006013487102933146,0.03226319031199314
1720639430.0439515,1.1101077486327953,0.6506413397848311,-0.01860112443172859,-0.0021932720011252163,0.0035351062854838133,0.02520192399943627
1720639430.444153,1.386153304677637,0.7966778862420847,-0.2930140199391663,0.009048661142465825,-0.004638021552213489,0.03136051162453119
1720639430.843562,1.6611031845384507,0.9673078544865261,-0.3352592448862396,-0.0033583213319058284,0.014749676606450768,0.03655156142530425
1720639431.2438896,1.8122341673388074,1.0854632591273563,0.49033919645765167,-0.0027801291963784657,-0.010283348741368936,0.039866123885622405
1720639431.64391,1.5782301076162513,0.9337645108361247,-0.0956036766221466,0.00011567268921480411,0.0028623205806264096,0.034816417288737474
1720639431.9443667,-0.00929102754823038,-0.09319007633596361,-0.55049751246368,0.012627062756972028,-0.003106606035878201,0.003981685645586642
1720639432.3435862,0.582370953455867,0.29124971197473953,0.4399181572686995,-0.011242785116998959,0.004499326244254753,0.015642539496344705
1720639432.743819,0.31277822726434323,0.11985862127262471,0.221922552534989,-0.0014357428835837615,-0.0043063421139566405,0.011457753816139981
1720639433.1436732,0.06208400521654931,-0.05955426857112195,-0.24364749812735623,-6.972245378511015e-05,0.007422879123231807,0.005734305418565544
1720639433.4436505,0.23341813699999542,0.08865051320231088,-0.5349743256925413,0.0051331132772457185,0.007592900909474176,0.008726601928537806
1720639433.8442845,0.20470333821501713,0.038115222333373944,0.6385617001927107,-0.006278208556582749,-0.00909720324719876,0.009116914434355385
1720639434.2436943,-0.1337783551261508,-0.17824980537310037,-0.47284607768310805,0.0063343078383563175,0.004003318903874176,0.0025565381142670144
1720639434.6433856,0.10406008624822091,-0.025247665596741593,0.03568981401294049,-0.003287155091662326,0.004292321703725399,0.006774620380855885
1720639435.0436141,0.04999155290087577,-0.05042719332546196,0.054235968908742486,-0.0014868145533014638,0.0007162257949908657,0.006344257363717037
1720639435.4437585,0.07120121325394817,-0.03557296775125198,0.4240646236604259,-0.005332227614128056,-0.004376885231034633,0.006574336101068101
1720639435.843959,-0.16666496788896573,-0.18033797107655355,-0.23622256639086614,-0.0011238077904053266,0.009064065493152196,0.0019865926843076775
1720639436.1436808,0.0428769723366963,-0.03439965057205571,0.0670484810449298,-0.00705302279707584,0.009552831000472883,0.0048190091284516364
1720639436.543514,-0.21561735118962735,-0.20763517500142664,-0.07747195646659599,0.007298531135231213,-0.01009558916145692,0.0016266862120182094
1720639436.9437122,0.6201071929703617,0.25167333895439675,0.10791642401075985,0.006973835953352027,-0.016092445226929764,0.01650815969846093
1720639437.2434974,1.1471032044011231,0.5566090811576432,-0.5279961274356351,0.008450244901557297,0.0017252981326667527,0.024807032797277764
1720639437.6440752,1.8302961227994627,0.920786659544842,0.05288176311209085,-0.0020500029249474836,0.0019613388257919695,0.038091960006690066
1720639438.043404,1.8962438884268407,0.9342748207313462,0.48481773216413654,-0.01202587420285511,0.0070601034640807026,0.03879184094600098
1720639438.4436605,1.8972292421327261,0.9453799646885921,-0.33593269843195483,0.0044707875945727005,0.002675492211167363,0.03946360559522339
1720639438.8436487,2.1662554999686687,1.0885459655548224,0.25430028216443024,-0.00045548208817467134,-0.00840130051236665,0.04417380013672313
1720639439.2437782,0.5198001010352385,0.2371303728487052,-0.4541059654054824,0.0049956245747168285,0.0059232521587919695,0.01462372559565174
1720639439.6435072,0.20091000048707125,0.08887387513993394,0.21574856072762635,-0.0035960232534734547,-0.0005365014894633813,0.00930188104456441
1720639440.0435538,0.12722038188376994,0.04733680713434904,-0.07606182990476465,-0.0006832899286687178,0.0039962879729418255,0.008038849444967335
1720639440.4437845,0.6536223243633043,0.3336615683222156,0.2043485514760224,-0.006983931580141706,0.006407529546379687,0.01729752540670599
1720639440.7438016,0.1013140907004933,0.05997456970313481,0.04098702187052699,-0.0001600721882937343,-0.0014446523366524744,0.006661932570153102
1720639441.143782,0.16404730387131772,0.0605946866317715,-0.49921798694289593,0.00786878898819593,0.001879548588454849,0.008752643299369057
1720639441.5436513,1.2504865647343208,0.5878334522213662,0.45120590132304156,-0.004357710445944427,-0.007637495469419164,0.027899862904933848
1720639441.9438555,1.5330467005072,0.7127615339968592,0.2377739648567519,-0.0037102714413189924,-0.0011717286121797343,0.03240856427508293
1720639442.3442702,1.4007660188906066,0.6629914343396878,-0.11630355237185555,0.0005342813124085145,0.002956243574983475,0.030492092907612647
1720639442.743943,0.22917259540077245,0.12874613440286728,-0.33470916510041177,0.004809414042764672,0.0020556671389808656,0.010151976599138733
1720639443.143939,0.2408555970224502,0.13620543470170682,-0.4518486188327245,-0.001207091325591361,0.01951731608832885,0.009846387331584683
1720639443.4443533,0.057506118217870494,0.05646915184873923,0.35667440405686895,-0.00517994733335494,-0.0023299011473305598,0.005907812103874951
1720639443.8440475,0.014291642814020216,0.032030713192739646,-0.3881800905895321,0.004391336146924053,0.004892701414883627,0.006205871407094235
1720639444.2441828,0.2084542472381861,0.12587521644468283,0.059967804530586075,0.004410262862031323,-0.01320890549371545,0.009877371599534437
1720639444.6444795,-0.15539169052291738,-0.03479572893617972,0.022274581581438167,0.0004492289304696583,-0.0023494115400537474,0.0035669680300917644
1720639445.0442986,-0.2460465177453634,-0.08250846481294027,-0.4627884355696524,0.0032445154920056826,0.010693435023882092,0.0018111269821818054
1720639445.4440722,-0.16237143727918404,-0.03506427190986341,-0.09754909990520737,0.0007357919417596138,0.001854351809271515,0.0034764008513454656
1720639445.8446784,-0.2962205405272679,-0.08974687000973854,-0.22844641763193074,0.007264799451762602,-0.008513768105841368,0.0011929169318040972
1720639446.2443743,-0.22228589213880823,-0.059715298142862167,-0.44411296974572767,0.008141671020820106,-0.002012561294920223,0.0025359925477099476
1720639446.6439662,-0.28214687847950737,-0.09571156442418326,-0.28334131649341115,0.0019874966724336657,0.006987503169763709,0.001071891848613945
1720639446.9437919,0.22549345154188546,0.13189499678757605,0.48303534207241616,-0.008843636178178686,0.0013742837037913347,0.008751290084097868
1720639447.3442266,-0.4586872751754715,-0.16290229808828657,-0.11840711113824348,0.0028173771755675755,-0.002240922937582379,-0.0017250793893276027
1720639447.844435,-0.2776893476003089,-0.06301254809787042,0.16650619783585457,-0.0031772610791280086,0.00019544227982248863,0.0030849992511452953
1720639448.2450187,-0.30955980996138993,-0.09590255650844211,0.19457707995725074,-0.002273145965292813,-0.0027999372304046144,0.0006371745364752641
1720639448.5445378,-0.19616676324014476,-0.05781303325818571,-0.0708956403726851,-0.0028297983358005754,0.010497604628512125,0.0013872613245406958
1720639448.9446595,-0.325514372803953,-0.08597813966907326,-0.09616328239246374,0.003598389836187827,-0.006059220618404471,0.0007243846315232851
1720639449.3442016,-0.31231136447874197,-0.09855098966135509,0.3433151107092007,-0.006444297499488257,0.001681804205899251,0.0007747399578308556
1720639449.7448237,-0.39633344778526564,-0.11512358476377726,-0.32602429340281175,0.007713473839855208,-0.007145215462407428,-0.00039211128696395813
1720639450.1447625,-0.32899558978230276,-0.10302192556383827,0.021805322762146046,0.0003161539628595652,-0.0024017991555826956,0.0006153776607981145
1720639450.5448394,-0.49748616557583464,-0.16081303779975126,-0.35864939934030954,0.004416486959429498,0.004493066689622571,-0.002276770938674726
1720639450.9448447,-0.42567967593355877,-0.12919665397304622,0.20113046567285583,-0.003441770239796301,-0.00026760921003243787,-0.0011242273237543118
1720639451.345113,-0.3470923074057949,-0.10203608949147187,-0.0074719298357295485,0.0001214769630123243,-0.0004074412412218287,0.00031860100990980313
1720639451.7445276,-0.3488415933605544,-0.1011796307917936,0.11833447662516251,-0.003814286136514239,0.005373884063903711,0.00021078998392679788
1720639452.1448405,-0.4631748085879841,-0.14627008738572475,-0.07024154654194388,-0.0009220135294930531,0.006236713461250432,-0.001656613350280294
1720639452.5447602,-0.35038719800103313,-0.10112796953011689,0.033119671374592013,0.000875039981697307,-0.005429368182757299,0.000277549571747686
1720639452.9448938,-0.4801073610524045,-0.15425701713629442,-0.14881195910908301,0.005228126295489087,-0.009681225593559661,-0.0019283781477975796
1720639453.3446755,-0.24965811496130136,-0.06895971342931474,0.17992630266256424,-0.005105210670463041,0.006683093487190206,0.0018609124960307546
1720639453.6449733,-0.0705952559078152,-0.02126311832785985,-0.10389890068770173,0.003630894385262079,-0.007463160740800001,0.0037552453887791312
1720639454.04475,1.2986269305132743,0.32232962690779665,-0.4330466150221425,0.00416993261150459,0.011102856538439454,0.02726746012500432
1720639454.4451323,1.787012996772494,0.43111107940368254,0.4808491706013438,-0.006974357084233394,-0.003991914411970443,0.03513025992483463
1720639454.8446932,1.769910708331503,0.43509786996737343,0.16147186861219692,-0.002799854965316624,0.00040334529137164843,0.03487196407440212
1720639455.2450497,0.7353588126348783,0.19335200897232896,-0.07784869438018191,-0.00012420481968342004,0.004898609188690228,0.01772191943328663
1720639455.644692,0.11670225122335176,0.06691465387499718,0.7196220649961964,-0.013082793180324601,0.004531511739756189,0.008223301840774726
1720639455.9448133,0.39755772228192354,0.10370974581485848,-0.21920193312567346,0.0016219723012278022,0.007832050950368874,0.011265997882998915
1720639456.3448102,1.3281261152042192,0.32137479844921996,0.5466361634516237,-0.00660513756270918,-0.011951831626046516,0.027740890689451243
1720639456.7449815,0.7087725533196406,0.18880845371090765,0.22013893122796643,-0.0015341036494075184,-0.010306638789615796,0.017473648924181795
1720639457.1444118,0.7786787697708103,0.2066197531372246,0.3232813144897997,-0.004668374630563008,-0.0033983483096902134,0.018898618389634612
1720639457.544862,0.8898848973482952,0.23116237378791732,-0.21492707778650874,0.0017435941868420256,0.007881851446477128,0.020567961473481708
1720639457.845338,0.9127477951414625,0.23042079250006475,-0.02277042347045024,0.002181924142636047,-0.01026889302812739,0.019794953947791842
1720639458.2446942,1.4078571429968645,0.3158789190392973,0.0804359579399823,-0.0028291320941596803,0.008120409727881306,0.02872020825598505
1720639458.6448352,1.4217692411282459,0.32304607066338503,0.3426002161998784,-0.004179847434348633,-0.00867653146352132,0.029140670727825214
1720639459.0446506,1.6143064130631086,0.3562259243124339,0.04159827088108251,-0.0006456115900085096,-0.001156843374158889,0.03225230160303388
1720639459.445062,1.4337475394368029,0.3315190063839509,-0.1969272890093084,0.00255791702195826,0.0028237888215305595,0.029464428625305215
1720639459.8454893,1.6414518703581893,0.3589303851394128,0.22663729428564647,-0.005136070678730422,0.009067017306005232,0.0326563549577574
1720639460.2456045,1.6636443752230587,0.36108381510161125,-0.19248467363683802,0.0028477708240605905,0.00023792581011017333,0.03314078597450425
1720639460.6449277,1.711558892781132,0.3680642821513869,0.38951920374911936,-0.006131167814218237,-0.002403029154771197,0.03386493595217429
1720639461.0453708,0.19879393559059358,0.15432225948228842,-0.10952348175777687,0.0024836316717279814,-0.005597229104874923,0.009271937834560076
1720639461.4451606,0.3990716942110867,0.17628152867436397,-0.15077889130166694,0.0014537652520576756,0.006277450780756366,0.012517646844171192
1720639461.8451371,0.11788937123826401,0.13679001794991733,-0.3216585545826518,0.0042407656666621045,0.00600001255552951,0.00804770479374315
1720639462.2450566,0.20420740363735407,0.15903443977592993,0.395983893701366,-0.006955101567852914,0.0023255852242374253,0.009249722745801645
1720639462.6455004,0.10871518743862961,0.14581527571429667,-0.30350274428651447,0.004802978013682899,-0.0002488993742670864,0.00780126759192453
1720639463.0445986,0.27164059895235537,0.16982951125049967,0.4805164925667134,-0.00744602298770771,-0.00528347288576092,0.010702605891802004
1720639463.4451394,-0.026786925190879038,0.1282659637236028,0.11685046957907341,-0.0027112140342376093,0.004997335694298499,0.005394650571099038
1720639463.8450832,-0.13441094246615998,0.10385696943757759,-0.49641982896854764,0.007323250816260323,0.004920342901739039,0.004137564190884637
1720639464.2452903,-0.29966363500544685,0.08844281971940246,0.5216154515228415,-0.00839101902703125,-0.0031657087096170766,0.0007885054254729418
1720639464.6448915,0.013440190218514949,0.13669885456076325,0.19310715648617532,-0.003940950151240806,0.004777587674197115,0.006078014154843904
1720639465.0456944,-0.343841815461953,0.09057105014832587,0.1804176316548212,-0.0028269900057860935,-0.0032166458041449353,0.000794490363528041
1720639465.4451978,-0.4011878916291127,0.09280864335385382,-0.09725218469725859,0.0009768799111501665,0.0041927549878166825,-0.000650581391066318
1720639465.8453665,-0.3939578496605545,0.07163460612836736,-0.17407523876135997,0.0030319143495318073,-0.0038320263419548972,-0.0004427732340059834
1720639466.245367,-0.2271332468326139,0.11542484761655232,-0.046404968486073776,0.0007736271092636141,-0.0028412715005792233,0.002389858703302814
1720639466.6456468,-0.3172226656027264,0.08970130480812745,-0.09287524641842383,0.0014018924867605115,-5.059531322570976e-05,0.0007519728171435976
1720639467.0452101,-0.36867357467587564,0.09435173886939525,0.1358125027222479,-0.0022283354902764884,-0.0028555679068877904,-4.209121756608702e-05
1720639467.4455125,-0.38591552994952716,0.08570250210256082,-0.39159516138013006,0.005496101080840275,0.010685788914405636,-0.00023500176475391995
1720639467.8457003,-0.3059470652745094,0.09192243992510093,0.18135807962818135,-0.003038953608404538,-0.0019013809583356966,0.0010441673990607332
1720639468.2455273,-0.2771540418897709,0.09059835874941613,-0.2146147529457951,0.002863638805753659,0.007893327714700415,0.0014063344989843714
1720639468.6451457,-0.5489966110458618,0.08557251668278103,-0.37082144818158796,0.006427150485950153,-0.009761460038240077,-0.0030954547303192518
1720639469.0456786,-0.43977217429395776,0.0911138898438556,-0.21512554678727747,0.003628643124299142,-0.005898069965937003,-0.0009163167630949297
1720639469.445712,-0.6452188011530099,0.06857501383320243,-0.7625466260427817,0.012969746375262211,-0.008187164978864514,-0.004584743212842889
1720639469.8458345,-0.2966852653111541,0.09035148669533752,-0.5613074363975158,0.009414343828649632,-0.006338033431348977,0.001303095186328702
1720639470.1452394,-0.0967957159918163,0.06875227249052461,-0.628490900941744,0.010332880551007307,0.0015938309201748435,0.0034936306200248632
1720639470.5457232,1.561356720421905,0.10554585139164775,-0.16886292448616078,0.002754842001801803,0.001935932816568009,0.03260981189502804
1720639470.8457499,1.2108900993631604,0.0901495714316222,-0.1626688387846491,0.0024777090071881214,0.005527773285247228,0.025288804457959304
1720639471.2460926,1.8752938166717215,0.09836004926795618,0.10511297389515296,-0.002270222077340186,-0.01080540653965234,0.03768563647051711
1720639471.6453533,0.29664799782706536,0.1013785550285877,0.6249568776523061,-0.010671635699203933,-0.003044502428917184,0.010565338274930117
1720639471.945665,1.6058143211038638,0.087072267271472,0.3548158274564149,-0.006534476806092022,-0.0070628791608133845,0.0322549731717372
1720639472.3455405,1.800600035904424,0.07886839691228624,0.12261697450777449,-0.001947933622754602,0.006734253979966631,0.036616911945915154
1720639472.7460063,0.9181924555746884,0.10460595800080921,0.3844704560699698,-0.006218943315911767,0.005859492788845788,0.020873035374607215
1720639473.1456637,0.31023075435018,0.15728464478334575,-0.0719903533189305,0.0011087516589131407,0.004251433754841827,0.0114900966031103
1720639473.5454557,0.4179497771735774,0.1494003924667174,0.31944041484262164,-0.00534077074101597,0.00586949908367318,0.013294608824494398
1720639473.945521,0.2726546899020305,0.14457648101303625,-0.02065136188702336,0.00033348426816395,0.0025063786634793583,0.010539964915365003
1720639474.3456547,0.3165369034375149,0.14798429472051114,0.37188469160063675,-0.006628351946158304,-0.0007777174200542802,0.011298749894231469
1720639474.7452538,0.018885083729987037,0.1502566553678838,0.47092880136398496,-0.008373355085932024,-0.0025496616794087323,0.005717613871806941
1720639475.0454855,0.4799919205727932,0.10766164448892253,-0.13966680502242743,0.002456228800464153,0.004441096874834516,0.012984555849887069
1720639475.445819,0.0923262372924909,0.15640768770232363,0.16850900985799938,-0.002918978154444398,0.0026224310452569455,0.007359584630839249
1720639475.8450713,-0.2468165990685475,0.17237565304039512,0.016738420286379403,0.00012587466811628828,0.007550484120097289,0.0012014139814939947
1720639476.2458982,-0.1195008529265874,0.1672902333980151,0.23157243573005315,-0.004218597783514035,0.00036424997195250164,0.0038036163030631238
1720639476.64583,-0.1920413865236777,0.18130157019466264,0.27122425086432317,-0.00506289166200482,-0.002233387024534794,0.002339668796730738
1720639477.0458643,-0.08650080968458525,0.1769597371203217,0.3142115007255615,-0.00554279162333884,0.003905495603737874,0.004362485747959591
1720639477.4458995,-0.21058055972542578,0.16337602950857177,0.035173231810449034,-0.00023179916625431894,0.0050395697808784945,0.0018238309643081436
1720639477.846476,0.09764074157445403,0.16664377774258834,0.16291317744119957,-0.002529533641534164,0.007628342642999275,0.007833765307888998
1720639478.14626,0.06366417537177686,0.11265306327270394,0.05564295079470357,-0.001243062615587165,-0.0017556509875955584,0.005817363776986288
1720639478.546654,0.9035234721033858,0.054901172344995676,0.22076668564395113,-0.003951271799387117,0.0020397453437093205,0.021642945115706618
1720639478.9463682,0.9449715495371228,0.04781981608193848,0.4668396990859889,-0.008220840895697893,0.0027719892199375984,0.022774344872878997
1720639479.3466113,1.0262331615653288,0.03886524771454729,0.05181015159018077,-0.0010737153653173287,0.0008333612464443974,0.024071949848938342
1720639479.7463121,1.3177679870263206,-0.0018642108730044964,0.254806738861741,-0.005185701558914949,-0.003017997575345044,0.02931695738703693
1720639480.1464162,0.7775955126156787,0.06969975687538645,0.005058442902315806,-5.869641551524761e-05,0.0010269535393148121,0.019779314750907735
1720639480.5461345,0.8259836095688244,0.078374171533129,-0.13849534985998532,0.002016042811160057,-0.0019403470102361542,0.020344701918443946
1720639480.9464095,0.3940572157505171,0.138517113723251,0.17150492744456258,-0.003222602885720576,0.000776601105186403,0.012764233818913487
1720639481.3461652,0.19276592973391193,0.17521687625935045,-0.13413993201406094,0.002052055085033197,-0.0005630359283108621,0.008850454280142458
1720639481.7465558,0.28074926761865016,0.15258909422712594,-0.36473300817755344,0.007240386173943714,0.004189717958066996,0.01068534524966252
1720639482.1464844,0.13427100200294195,0.17628098956011018,0.2172234745899848,-0.0037800578814198944,0.002881454366412406,0.007746713768309747
1720639482.546598,0.12383541272843496,0.1831586187947113,-0.09777558755603606,0.0019686164405506635,0.0021362043229700145,0.007817791750754118
1720639482.9462774,0.03857099845360972,0.19097597810751815,-0.1521491422934074,0.00229899014465192,-0.002303140507502688,0.005827780442585877
1720639483.3466933,0.0067733553181470426,0.20305526176584823,-0.28655747108590396,0.004811175053800273,-0.0017666340363311495,0.005516779386522549
1720639483.7465222,0.1785892617606403,0.17316518142304455,-0.7761933462960742,0.01503740247074691,0.004299300192630806,0.00885131536851025
1720639484.0468767,0.14847880013514042,0.13535241346088459,-0.6516788491716881,0.013830314328845053,0.009836649697947175,0.006848244716296395
1720639484.4467864,0.2332443377921956,0.15279915462197316,-0.4684991075331561,0.010460445255705601,0.010154632835975619,0.00965049262251727
1720639484.8472521,-0.3237750949672189,0.22519317625943122,1.5673475142694469,-0.039195975272064275,-0.04753894215728294,-0.0010962360339575126
1720639485.246569,-0.2952450863182477,0.24807240265685054,1.3866287989043282,-0.03364760963220907,-0.032603351259715474,-0.00022415187006782978
1720639485.5465462,0.3361157139040875,0.07750809461241448,0.6262840012594212,-0.009380364137359752,0.012847536840610685,0.010935463615163869
1720639485.9466655,-0.21694624676087998,0.24199092284434265,-1.3457716776734785,0.0312433383952533,0.023934338048452464,0.0012988026274270703
1720639486.3468447,-0.24077423728665331,0.2510172680141774,0.28264769539712215,-0.0066827654646969955,-0.005760479729933765,0.000572279237070987
1720639486.7464802,-0.42862730554792355,0.28337950654395283,0.2241690752959972,-0.005850565816712491,-0.0074261854883244105,-0.003296760006140732
1720639487.1464748,-0.049535455272190686,0.20181811211000852,-0.33643732470995147,0.005766387796155498,-0.003483953714031651,0.004413577301329021
1720639487.5463617,-0.0438967682601348,0.20999584284136108,-1.0350475510894013,0.020614363643455747,0.0006957214116039001,0.004378778242006334
1720639487.946758,0.19074515457475913,0.15552763058490127,-0.6147068177494919,0.012953982168382408,0.0036420175087463758,0.009368018284883707
1720639488.3464928,0.09645871005619408,0.1783205378303181,-0.5430907234722989,0.012552579716985817,0.007653684981036912,0.007194931855525539
1720639488.7465255,-0.11988668479007698,0.24000189033381228,-0.1913877660378437,0.001597670998177848,-0.007400826388256565,0.002802361791550522
1720639489.0465293,-0.2587587831506244,0.22198764359528775,-0.22824331367731893,0.005566898968395634,0.004319913237703421,-0.00088410951959381
1720639489.446567,-0.07015256938852334,0.21996785848841016,0.1608510154956301,-0.0034184954846525387,0.0006167459338934922,0.003953139549836445
1720639489.8465989,-0.2733225576673571,0.2651397065379339,0.4592555550272306,-0.009240554099243632,0.0013626086432521056,-0.0002208222274354824
1720639490.24642,-0.2620599796612691,0.26146295357932364,0.2676646548489945,-0.009476260702927449,-0.013064962938736047,2.871964054384637e-05
1720639490.6468682,-0.2015730415358298,0.26322288769793595,0.004906440758616984,-0.0005245075893979632,-0.000800465026306707,0.0013081987289782695
1720639491.0463521,-0.3221582489978842,0.2810869838509992,0.23387920147491637,-0.003579020967860825,0.004765556833472795,-0.0010189744522232473
1720639491.4467244,-0.35556137938716,0.29575914885020715,-0.25365774787246387,0.006157947953263015,0.0030120167646998652,-0.0018334793437636131
1720639491.8464353,-0.2504075246532699,0.2777316961757458,-0.1072593392145791,0.0038458167868420184,0.006023007946420744,0.00033247828805209664
1720639492.2465434,-0.23963922674744714,0.25208804916275557,0.4165625136047897,-0.007830218203017637,0.003505037075216766,0.0006750375130239067
1720639492.6463673,-0.27399197721187407,0.27368215281048425,0.21557151712434994,-0.006339129118823895,-0.0048690816908192325,-0.0002747951054210214
1720639493.0468388,-0.422502718101642,0.3177515767643097,-0.010000984650694444,0.0007410159368383422,0.0025058245666178536,-0.003191520489189347
1720639493.446299,-0.30545150641257757,0.28497391276673273,-0.0037548411582518813,0.0005951634574948923,0.0015873614137438263,-0.0008700917458934621
1720639493.8471372,-0.29086382389200144,0.2739445802567146,0.41829880227634847,-0.010013706102201593,-0.002069586883980623,-0.0005058917777322648
1720639494.2468336,-0.4017826330390054,0.3176231178322737,-0.24652409812229584,0.004030966566000977,-0.0033113119121903622,-0.0029231448138146766
1720639494.6468134,-0.3096338443672183,0.2876123172212676,-0.351038814201691,0.006508597974844305,-0.0025258883654786235,-0.0008382040928267289
1720639495.0466225,-0.4273216290955027,0.3279375527280364,0.06254979979228537,-0.003302253699307406,-0.004970009826241739,-0.003636204559034378
1720639495.4467604,-0.35880519036976277,0.3016092689450362,-0.20793440140004738,2.8310520088537106e-05,-0.011703426637594383,-0.0020798355758245204
1720639495.8468153,-0.4713636448187459,0.34348289734301607,-0.3281255180184561,0.007484806971417544,0.0009133415662689881,-0.004627862216146148
1720639496.2469413,-0.5183757170778995,0.35972147870614857,-0.17792921639462145,0.001300750307895437,-0.006863116165418015,-0.005411199107828303
1720639496.6469681,-0.26114643032686435,0.25874159371645106,-0.16289082062948432,0.005498410731202597,0.0045457828770603115,0.00021153546448173712
1720639497.0471327,-0.2586212144253834,0.2716594365898877,-0.19229655708102697,0.0030540603933666014,-0.002489120416695023,0.00014671463188985358
1720639497.446944,-0.2935416105554875,0.2709307475855377,-0.05974784449222744,0.0020539553257175316,0.0020893610468661894,-0.000531515652092597
1720639497.8470201,-0.41300662275701006,0.33300187669926085,-0.3307124832105345,0.006267963171014664,-0.002784069776241127,-0.003122185949057937
1720639498.2467265,-0.26751455176507594,0.24603840089401083,0.4858185703095311,-0.017743728383340363,-0.01445685213746617,-0.0004057574941036203
1720639498.6469939,-0.30472678947097603,0.26617920668702794,0.4424609971117411,-0.01232510140253084,-0.005040912139637532,-0.0005545883033690681
1720639499.0470526,-0.3952170494768823,0.3283721993823993,-0.16457474497086733,0.0004971448439623908,-0.007218424611566077,-0.0032185286741996505
1720639499.447124,-0.29467420899581653,0.27529370493766553,-0.07685964850068334,0.0074318255148789585,0.011567988099329796,-0.00043395598070061195
1720639499.846588,0.7270586874605058,-0.23279618152932047,-0.21557989663631538,0.0062899306375361905,0.0021491713711923044,0.024113230223006415
1720639500.2469409,0.9846273618432522,-0.36143366070796396,-0.4215069942313411,0.013928328796286757,0.007645452583780354,0.029830880065612252
1720639500.6468186,1.1768770414505758,-0.4706824076775467,0.05324952298411877,0.0027873453908633587,0.00770774747692049,0.034843251398779536
1720639501.047025,1.5028820064103101,-0.6561587771159937,0.1831132223656433,-0.0017026979313364355,0.005401370691570095,0.042670090797872234
1720639501.4468443,1.3991449106496896,-0.6036476479479501,0.5764402789830405,-0.012436935816692217,0.0037400705623280572,0.03994161697713685
1720639501.8467505,1.420856828840633,-0.6093477744763359,0.2799616835029659,-0.006779459869672341,0.0004589906183913861,0.040783988818235015
1720639502.2469442,1.5214228806927708,-0.6628492596356514,0.06116919463911494,0.0038999636960698964,0.00927867626401957,0.04329586236112716
1720639502.6470885,1.8351835341154457,-0.8567578436449286,0.35975861000313325,-0.002549845523186511,0.011314899026255265,0.05116851572598852
1720639503.0464365,1.7181553792957796,-0.7892546058439073,-0.03909499826905984,0.0008261063259168545,0.00010331674440422489,0.0481955798697835
1720639503.446872,1.922056244148892,-0.9168845791611372,0.3531594056197322,-0.010271784058337348,-0.0012829190664014334,0.053559567886150725
1720639503.8469758,2.463164831729649,-1.2852493784225556,0.3961335842305037,-0.0027486289746450226,0.011882173255939543,0.0676860509807022
1720639504.2471201,2.430250766241724,-1.2592360445783113,0.2562913009579175,-0.009906220514432056,-0.00460392451279823,0.06693415748411503
1720639504.646434,2.748526364151424,-1.4765314242913663,0.36715391582245493,-0.011242387894836819,-0.0017723900386503733,0.07512632048664454
1720639505.046785,2.661667368586006,-1.417551976472742,0.07219695261832748,-0.0032021987123461663,-0.0018399618385833705,0.0729960163361202
1720639505.4469955,2.8727773277607915,-1.5726070448791498,0.15345698626107704,-0.007017028195001163,-0.004170895790432061,0.07869152920468776
1720639505.8473668,2.893115743261093,-1.5824231334019894,0.16547468723253364,-0.00780871298731776,-0.004575417250928027,0.07924592018594177
1720639506.246837,2.870538259823897,-1.5592639227743452,-0.2946970182819429,-0.00021280076737826084,-0.011769258174020747,0.07831675143810178
1720639506.6472013,2.8558568913350846,-1.5632168915620728,0.06674548615845055,-0.0012197566115452968,0.0006437585051333183,0.07789355148322016
1720639507.0472622,0.9198290928535235,-0.22636446612946048,0.7224012885519542,-0.015260825314393055,0.0062387450508831765,0.02399209987296361
1720639507.4475448,0.9490817259004167,-0.23071768277035837,0.4240513962926828,-0.009785486391069211,0.0034496341128038566,0.024283855141433507
1720639507.8474016,-0.562694316159128,0.7463524642064032,-0.24609979282766684,0.01549759137494266,0.013279355889388,-0.017424675480423597
1720639508.2477794,-1.8652635327741989,1.551871691598905,-0.24316512890621472,0.012612874690648215,0.009625802308883324,-0.053630120193971564
1720639508.6474674,-2.430684384973373,1.8677339695854658,-0.031206848648431103,0.0036141707366881518,0.0046351446211512215,-0.06947522662243416
1720639509.047804,-3.0971207069960913,2.232476595187554,-0.29124906482244434,0.011711229005369255,0.006282989989501164,-0.08797588091343182
1720639509.4472716,-3.653988339214979,2.523726379109111,-0.18414915686264874,0.004300149822044153,-0.002013889429110849,-0.10263424074148067
1720639509.847313,-4.291878655913592,2.86447466821855,-0.4162708814530745,0.007707671722622206,-0.007367870794946496,-0.12093600406723279
1720639510.247226,-4.52732761036815,2.9860771796224856,-0.46093914956346116,0.01434197152166039,0.0031428229004279995,-0.12715963810871092
1720639510.6471474,-4.5656475858389545,3.0107196072848352,-1.3847126117394803,0.03518482283689034,-0.006058035574236564,-0.12835898580669364
1720639511.0469923,-3.8541899582109305,2.617535040542472,0.7360042335980874,-0.02319091431278982,-0.003320654880319518,-0.10846278474374281
1720639511.4473472,-3.905925338504499,2.627330061835049,0.4654148261908385,-0.024107407271683298,-0.019338701592354735,-0.10949201108246244
1720639511.8467166,-4.3779931539714045,2.907730987317493,0.3754470962155491,0.0008523047824728278,0.021453055155012724,-0.12419190454059836
1720639512.2471426,-4.798391386215191,3.150303199711806,0.16723028350005337,0.019187843120422432,0.04375747503700267,-0.13443222297012566
1720639512.647224,-4.608590574573119,3.057112718659134,-0.31760979096789344,0.020241466656935214,0.02033325983042178,-0.1291796031566198
1720639513.0473466,-4.418256874047865,2.940404705258938,-0.5955771568200012,0.01658686600439562,-0.0003463012248601238,-0.1245300351650239
1720639513.3463378,-1.8467761236156708,1.3056018047661364,-0.4416415918088222,0.0049213315472672004,-0.011147761569616721,-0.04849664401376385
1720639513.7472355,-1.3977710537634156,0.908828275857539,0.05054941398832221,-0.0016751984209839692,0.0011459336519639152,-0.032999779090823994
1720639514.147707,-1.5799412195299753,1.0414264680846168,-0.35964819765880285,0.01388454938732297,0.004914655667039858,-0.03822955972251485
1720639514.4476511,-0.9549334480147882,0.6194334245706379,0.31375671192773746,-0.0032680515760348,0.00968213911331639,-0.020896177162968297
1720639514.8472571,-1.358522918457136,0.8415680883398778,0.8873628364844094,-0.011389753653182651,0.02222211450212286,-0.03135266460435237
1720639515.147515,-1.1647596454819615,0.7912859897312371,-1.610521272905872,0.02877345532819846,-0.02718806741596591,-0.027967808001145168
1720639515.5473464,-1.0940224324525485,0.6831583141025329,-0.6349334423321951,0.0030965108213289387,-0.019343963059239577,-0.02345050657823858
1720639515.9475343,-1.08716222853785,0.6691893972227544,-0.5740836967340187,-0.00804444934115992,-0.030608493317542784,-0.0233692373918536
1720639516.3472931,-0.8142189448218473,0.42995227307613876,-0.4409345698934822,0.020480082542169504,0.00790645367577536,-0.013795914555041356
1720639516.647249,-0.4460844937966557,0.17291472774340588,0.5018921766362995,-0.008481366928825063,0.009546875138608302,-0.004587670024166188
1720639517.0477214,-0.9625881756440111,0.4939312527331072,1.2937531820211008,-0.011933553970351337,0.034902547751114454,-0.017353271771045904
1720639517.4474182,-0.9089187720992119,0.5020894411186381,0.25487806573643557,-0.0055916923836003465,0.0038578588873010577,-0.017425014263015643
1720639517.8476732,-1.0297202736862736,0.6375966947764419,-0.8700466895301686,0.00790055166624268,-0.021233973916412907,-0.02156251772954583
1720639518.2472546,-0.8954466314072266,0.5057859483408549,-0.8102976117180052,0.004113049192131336,-0.02309693258892853,-0.017253503236698123
1720639518.647755,-0.634025644799038,0.2602491101700555,-0.15814152508962298,0.006981721961210044,0.0026624232694272276,-0.007770081736668852
1720639519.0474453,-0.3991344588328826,0.03616590999699309,-0.3128960803059698,0.0032413727783767014,-0.006388632591636245,-0.00041874820598966373
1720639519.3477302,0.328015951593504,-0.6169484867553944,-0.03696674461556183,0.009609027405254787,0.008509739373067315,0.021552074928093336
1720639519.6474009,1.3235979394650685,-1.6958907355091442,0.1341253942256189,-0.008208920417693453,-0.0022969969484731845,0.055119410113142406
1720639519.9480503,1.0506815019271403,-1.4094994754814325,0.18690382226753693,-0.0016117624500107128,0.00463215242076398,0.04601089033296998
1720639520.347563,1.6929277535687242,-2.2352426509816437,0.010946758285568268,-0.003238750765350942,-0.001963099295298809,0.0706909452667313
1720639520.7480874,2.108012479720037,-2.7443419490568655,0.1490767787501434,-0.0047356846626483845,0.0014703078703728334,0.08622341504877899
1720639521.1479204,2.2111322769051416,-2.8739317924305765,-0.056530018471842414,-0.005963726714818744,-0.005812415922543224,0.08937132950332527
1720639521.5481865,2.266253789212305,-2.9569588830019833,0.7417034061462275,-0.019101005641365094,0.007056037951422622,0.09126500024230688
1720639521.9477875,2.4797418067794013,-3.2482842183340623,0.4937118497039196,-0.010954512345108268,0.006379354095416234,0.10037243972896302
1720639522.3480668,2.544210738835856,-3.3189750579825996,0.10239138026729175,-0.004892252308938478,-0.00022438181800565893,0.10194586646159344
1720639522.7476482,2.8704667880794243,-3.853349812551235,0.9755234298978447,-0.007956220978354673,0.021966975310569348,0.11653537395768596
1720639523.0475092,2.111018528925588,-2.6846658277009205,-0.053590708609606685,-0.00587437967727688,-0.005571088904995136,0.08350136346085013
1720639523.4477918,2.9303802881363814,-3.867188950020741,0.4030707623487814,-0.0156510690138699,0.0009105442385717311,0.11699787116056128
1720639523.847668,2.8237741036882036,-3.7068771574715007,0.07711663600825491,-0.015439287042824889,-0.008083226440953606,0.11272814142405108
1720639524.2476318,2.9166401816190994,-3.8153340042137414,-0.3137121061932283,-0.0002469049789116731,-0.008333455241729126,0.11609940084719993
1720639524.6473093,2.9624174384115003,-3.928571490299579,0.2696344198902652,-0.006818248200143529,0.0029592677964975778,0.11815528770239898
1720639525.047905,0.9367113484292355,-0.9670622238947126,-0.23251953548588736,0.007217752842070567,-0.0011876753325124056,0.03771197301026293
1720639525.4473188,0.7891699407528904,-0.7308312818136355,-0.1641378947256813,-0.007525305896137874,-0.010106396675371165,0.03130413723679965
1720639525.8473604,0.7013679594719359,-0.6396181483824729,0.4743524357463644,-0.009724256253095259,0.00625274691879274,0.028774136793460307
1720639526.2472293,0.5759438586103394,-0.4479083175763923,-0.18930893865416648,0.011441307336041205,0.0029819120714760228,0.023967683029450224
1720639526.647298,0.46643851213140036,-0.27777573064513417,-0.2873886132793232,-0.00431732018821141,-0.01134720789541066,0.018622013122480366
1720639527.0473173,0.4107132685084576,-0.2492679063254536,0.5666109844315073,-0.01688067601180337,0.004033915575084368,0.01741674002520597
1720639527.4476616,0.42413950649575843,-0.2563224071197053,0.02000692727248648,0.004113551326519121,0.0032239156205822184,0.017902111838437762
1720639527.8483865,0.13951584374240666,0.17973083969197798,-0.31865275236011387,-0.005644311993744827,-0.01334350073796342,0.005875633399679494
1720639528.2480242,0.2558302944762342,-0.024981605579304886,0.25832782244853514,-0.015017195090240704,-0.0035426603912860344,0.010702982499545223
1720639528.6483076,0.08640833931244944,0.20217371030278222,0.4891815694873767,-0.012894804214992837,0.004758134426859684,0.0043088182287826975
1720639529.047809,-0.689999662907186,1.3351457829217126,-0.5879664508809233,0.011554891756005426,-0.009030944180153044,-0.027844420432658053
1720639529.4478457,-1.0317531503987654,1.8319395571896266,-0.7678752869378653,0.03156326752069456,0.0005937494565970702,-0.041711675638745525
1720639529.84788,-0.9726022882095071,1.7330197723482559,-0.28462817658305906,0.017089868798977927,0.003848445851693416,-0.038837686464144996
1720639530.2483091,-0.42706651000352175,0.9177858122204244,0.4414270967431298,-0.004378897125230035,0.009779812843861091,-0.015638862803253946
1720639530.6482594,-0.9617054693064931,1.720919502369554,-0.05209154624008936,-0.006892368890415195,-0.006232062501465352,-0.039406062481378006
1720639531.0484514,-1.422377542404765,2.3508894166774845,0.2572453780163035,-0.007186231397248567,0.002375878960434452,-0.05802689297424378
1720639531.4481742,-1.4456607398043393,2.401390406906736,-0.13265763112471377,0.00572720625025896,8.171506447274268e-05,-0.05932146074814659
1720639531.8478167,-1.2653920756029144,2.153755913111304,-0.2200124700378197,0.009778745792335834,0.0002999048896419332,-0.05175989772585859
1720639532.248163,-1.1568882369796685,1.9935328458199786,-0.4620955714928643,0.006724213114195851,-0.009217360491002857,-0.04720284476205588
1720639532.6485963,-1.1170980704832578,1.9269714031775464,-0.40930823162185115,0.006101833597656358,-0.007697937250427556,-0.04492919834606675
1720639533.0481286,-1.1500980997607126,1.9876546670088029,-0.4830329273041991,0.005439587071945735,-0.010380786000777409,-0.04671976169330567
1720639533.448558,-0.8683344131900391,1.5017218252933726,0.22493023276974722,-0.01156122440788985,-0.0004819182535846789,-0.03355300110222728
1720639533.848572,-1.044089152438904,1.8213113282743283,-0.208413309527627,-0.005541746188081017,-0.009102992154040646,-0.0421611088694296
1720639534.248672,-0.9961570006047954,1.7031433416529076,0.3594824552168143,0.010683245108155057,0.016714588372167105,-0.03866904772888012
1720639534.648445,-1.04785271165928,1.7948903762630408,0.3305119687865315,0.015025805792107657,0.018034315168001802,-0.040705785216688016
1720639535.0486364,-1.1080038094902143,1.8957980003260364,0.0010677647847070967,0.017043799800733866,0.010329695020818264,-0.04345221576310468
1720639535.448455,-0.9950866316752413,1.7030888848311971,0.02795096885698352,-0.013377753445098105,-0.0062906686497432585,-0.03929135726403411
1720639535.8481984,-0.916115417937285,1.5638158840523817,0.009872923400321577,-0.013686354045553384,-0.0067173797742938746,-0.035171248028691676
1720639536.2482934,-0.7531694383476247,1.2561821721478357,0.1382215348555617,-0.006638295579563029,0.0008058490506179794,-0.027046105898988867
1720639536.647896,-0.5470251153498932,0.8114519083519429,0.4901019079632458,0.012255230460144902,0.019501697117968453,-0.013775529844748901
1720639537.0481744,-0.5392616067208357,0.7590274661025418,0.7839314479647641,0.0002550388516458821,0.021472856932401196,-0.013095426488132089
1720639537.448183,-0.6704707882126028,1.089646773416315,-0.12157097853860845,-0.004497254572000975,-0.004945471790775535,-0.021980100562641998
1720639537.8482606,-0.5981753766039116,0.9575158414850806,-0.3372747036495277,-0.009836717985372811,-0.012837555112502619,-0.01870270960201858
1720639538.248236,-0.5856765274109818,0.9218561702191888,-5.502271259183195e-05,-0.005480901739545911,-0.0022856439221980995,-0.017818973109677092
1720639538.6479595,-0.5086302764302257,0.7682026980058329,-0.1896100095516209,0.010124241926258824,-5.586428781789721e-06,-0.013295440147428303
1720639539.048272,-0.45666900185169035,0.6066194154051792,0.001647669291788556,-5.555502179060959e-05,0.00035949467410589797,-0.009573464397531753
1720639539.4483738,-0.5319605559816948,0.790988437786139,0.02012542092054346,0.006219947551283551,0.003540166328412253,-0.013849585656078942
1720639539.8484995,-0.4409685714453669,0.5566913303355552,0.11917602606094677,0.007879203346854342,0.00677927591183769,-0.0077279424882669675
1720639540.2484977,-0.4851856541680761,0.6536846691353875,0.10805508735807173,0.0036162965348744544,0.004585688800491816,-0.010587088059278596
1720639540.6483603,-0.1674247457684132,-0.18371011712745808,-0.035592835685456195,0.00013384834559473924,-0.00021741903506766747,0.010263837075645654
1720639541.0486822,0.07280473611259246,-0.8671512409688732,0.1216411812730539,-0.008270760921926431,0.0007771504371019144,0.026886829043806165
1720639541.4488683,0.21342313489994885,-1.2672858194123144,-0.1885925910639118,-0.023412262237299114,-0.011510506168237677,0.035977340483971824
1720639541.8489013,0.29536237207739324,-1.4483483639639858,-0.637288182487377,-0.017659722702402455,-0.020345945835698265,0.04039163525922799
1720639542.2487888,0.3720545828757222,-1.83171688580278,0.0942561573588436,-0.017582751022492772,-0.002651597119791793,0.04913392598077658
1720639542.6488676,0.3874040658355948,-1.8619607599116716,-0.11804410390642299,-0.009439374960317404,-0.005564944781584202,0.04992336969946188
1720639543.0488403,0.4450057327405978,-2.0000677814041548,-0.007187126148388054,-0.013517754816389104,-0.0038608327845717216,0.05309846526499801
1720639543.4486907,-0.08895639723283735,-0.2172165477848304,0.6009951043185006,0.02366248481623246,0.021318239502692515,0.013100838098803648
1720639543.8487406,-0.014428152265161252,-0.5095183740058273,0.5384491397112162,0.020762175178837262,0.018614310773780174,0.019985785967903614
1720639544.149063,0.14743552864936751,-0.936516781665154,0.04529623608844871,0.011323653551340492,0.004326148370382477,0.02781544325061698
1720639544.5492635,0.15998846516614587,-1.19925121988117,0.5182719832001144,0.004317938352660074,0.013465649966909243,0.03519643671218541
1720639544.9497592,0.17540642884045993,-1.1064119663093719,-0.044486949690990235,0.012490336725612252,0.0023651762378928964,0.03353344837349557
1720639545.249157,0.15880479906809558,-1.0339590467859674,0.5264875242766988,-0.002480583772644197,0.012117086169238123,0.029436621558062856
1720639545.649177,0.14268893742302952,-0.9405672911378209,-0.5604233328853587,-0.020042912746585803,-0.017337086216331343,0.02864113088512682
1720639546.0489168,0.18411043154084936,-1.1122721272123341,-0.10063565317522602,-0.014942459177059369,-0.0050908966569012115,0.03251926322280707
1720639546.4490354,0.15884249900047703,-1.0243587403666345,-0.24477712844038002,-0.004513556087228364,-0.006452787031908436,0.030759276968461747
1720639546.8490906,0.18531696510066833,-1.1515467072509944,-0.243804024776281,-0.003321187270450311,-0.005874015998220683,0.033682157041824916
1720639547.2491276,0.18252761057074066,-1.117399472909041,-0.20463812731211953,-0.023422605961586764,-0.009431092824036202,0.032279723531257715
1720639547.6489263,0.1698128036304143,-1.0668990081506582,-0.41290479330422,-0.008675045171199885,-0.010871286216107334,0.03150056241501902
1720639548.0493035,0.1725197261544097,-1.0130360534072398,-0.5864762008604535,-0.0053876662630252155,-0.01413978515712988,0.030585806365410573
1720639548.4488003,0.23275038299290407,-1.4931503420560195,0.2685874962018922,0.011263475063732925,0.007649193445666391,0.04141149366786886
1720639548.8492446,0.2065898486127713,-1.2388878109034966,-0.2992414857883101,-0.005239869653429086,-0.00786511912993415,0.03560566343456665
1720639549.2488837,0.24195014106700924,-1.505813767821556,-0.0457907215147319,-0.010528334136828082,-0.0027508325362788355,0.04113986401644351
1720639549.6488874,0.19278794948219505,-1.0825458383910083,-0.38709032620739753,-0.0037579600408293623,-0.009289415113914679,0.0322012695717484
1720639550.0486674,0.21572269840313332,-1.5087126458965485,0.5692728330534219,-0.01638050212601031,0.009924117708127511,0.040662464335105286
1720639550.4491875,0.22671864205451517,-1.454682858656289,-0.14522031126887994,0.0020630681832480347,-0.003350709439274846,0.040379968968935566
1720639550.9490612,0.336859475836927,-2.195147045148788,-0.2356038453135912,0.003292639283513218,-0.005085198966099824,0.05899321063809897
1720639551.3495471,0.23151907409953484,-1.5083900521713012,0.3097199539556534,-0.006934172076295354,0.005346893698386257,0.041318607568286786
1720639551.7492623,0.2356701636368965,-1.37198005162502,-0.5277129731497744,-0.006893727579440695,-0.01268197074982269,0.038361271694792344
1720639552.149559,0.2710381397332489,-1.751960629073291,-0.25171220325065213,0.008780780928454768,-0.005122538779618102,0.0473582752142897
1720639552.5490139,0.2902971613849015,-2.1687869721405146,-0.36219361409173195,0.023278872504286695,-0.007046066821003949,0.05680562621661669
1720639552.9498265,0.3005485458137641,-2.227739027143646,-0.14201551532902712,0.02878129121016046,-0.0015961481603035121,0.05853312087236293
1720639553.3494163,0.28964214340239003,-2.1123313230145317,-0.16542795384864784,0.0016227972441569232,-0.0036487282222545936,0.055221199777477414
1720639553.749941,0.26247345588557475,-2.0649042423614077,0.5750303051236888,-0.0011356148920327637,0.012642877134479091,0.05409953476623713
1720639554.1492488,0.2758779102517502,-1.8610647253330839,0.29364593440279807,-0.017469468359987493,0.0057867321362974344,0.04890694391833444
1720639554.5495613,0.27051715325639913,-2.0341562749824194,0.22242335913356331,0.0011465512733878568,0.004880246750049944,0.05336831755537881
1720639554.949518,0.2822542392694958,-2.304545054861895,0.07526423428667212,0.0012752339406622388,0.001637993231596413,0.05943281303075468
1720639555.3497984,0.29274014249430885,-2.1533675020507466,-0.23558985465585244,0.004513065417806392,-0.005534070375674549,0.05605829014905519
1720639555.7496004,0.29679523445205974,-2.1922225481393864,-0.026631515681496753,0.003674303497296201,-0.000618861912604407,0.0571229174815442
1720639556.1501565,0.2893785963881779,-2.0343507083715475,-0.33151524407795063,0.0005609466585554559,-0.00787484083292922,0.053291135972114316
1720639556.549726,0.294263854449212,-2.2862371362493894,-0.08550589009576139,-0.003383766350969846,-0.001976153115358148,0.05900125894093386
1720639556.9497244,0.27883958104953754,-2.32042225447802,-0.11541125208111015,0.0036170273985796845,-0.0024860383735598734,0.05990208712307376
1720639557.349518,0.2816420658171309,-2.2779493649070384,0.02604204067990685,-0.014615637289292263,0.00048726834397139207,0.058319916065428246
1720639557.6497495,0.23479101501294988,-2.224341366657172,-0.45087839047921907,0.020510446738150716,-0.010603569934058754,0.05671174812367121
1720639558.0498214,0.27126096791578486,-2.2346484768414583,-0.241955767161058,0.019210897407399237,-0.006533377416636288,0.058285047234121014
1720639558.4501798,0.254679588151988,-2.261487173439074,0.7209907526836865,-0.022512179523044164,0.017817311150702952,0.05717345926715906
1720639558.8496253,0.19192736936968208,-2.538079954144665,1.7104335686669931,-0.013969830805808811,0.04155396063849803,0.06427691204283664
1720639559.250183,0.23172373887142508,-1.4241314972631738,0.8031642480472715,-0.018816896403376585,0.019239277697354673,0.03700545666240365
1720639559.549973,0.29341641597542883,-0.612299596888198,-1.0092314730651728,-0.008780108614282706,-0.024475912314101622,0.017726190258623275
1720639559.950196,0.34285304540577005,-0.7485392747646834,-0.2987313215423839,-0.0035580940808705593,-0.007729998642086455,0.021698848736699188
1720639560.3499672,0.3606820820797651,-0.47652849302835415,-0.3774374134775451,0.0010736099631730221,-0.009710976587967712,0.015285595243211797
1720639560.7500687,0.36344499897031396,-0.6527363861624823,-0.021492467326201595,-0.004871555960877711,-0.0008554277961916323,0.019560225270419965
1720639561.1495197,0.30228359617644135,-1.3704908864338161,0.0991575253358922,-0.0021326331600451023,0.0021753676022513435,0.03734060480646872
1720639561.5499077,0.3218009027957872,-1.3261629351044995,-0.07149258437653146,-0.0059861557237440985,-0.0018795293900375487,0.03611050766040063
1720639561.9496026,0.3043264588911214,-1.396058597185524,0.12156203420194452,-0.0006559470150406635,0.0026964371224684758,0.03823482384330089
1720639562.3499267,0.31655960498261404,-1.4637400142178076,-0.06240949794787924,-0.004538962605607337,-0.001798249561050902,0.03964683973478422
1720639562.7493982,0.30736028741443483,-1.6476481517599098,-0.21008286747720206,-0.002128541060154379,-0.005716979302413883,0.04455822249226471
1720639563.1499171,0.29542841680818616,-1.683246572050516,-0.17430808635624603,-0.002011704359965747,-0.004809142591748028,0.04553007223877996
1720639563.549509,0.3135274725066795,-1.5436360845231418,-0.21217788898512188,-0.005807456256201746,-0.0055693017431177605,0.04164391157617038
1720639563.9503114,0.34224122819359015,-0.5858507174078469,0.006186370723772346,-0.0009714162417803337,-0.00013236930158200266,0.016262900115722137
1720639564.3496637,0.363250089681946,-0.5393129660327142,0.0047774574517112835,-0.002765554923018231,-7.629547467113973e-05,0.014940096456236692
1720639564.7496383,0.3628732809076023,-0.48941461568432076,0.07898528790097034,-0.0008948952435716898,0.0018672911875801113,0.013613097366697727
1720639565.1496615,0.3638305778746177,-0.4029763012911588,0.12076286657808244,-0.002352826602795839,0.003044270404503946,0.011273677146944185
1720639565.5499034,0.3654068408618914,-0.42439800554606444,0.04762520683407208,0.000767619205120501,0.0009489666563911037,0.01191234205896105
1720639565.9496992,0.37092875233923484,-0.39401892782609105,-0.051110144368429825,-0.0018362762850929859,-0.0017139447363780924,0.010919441999514922
1720639566.3498929,0.3627656600011155,-0.3739508002318562,0.013209706382267102,0.0005336229362523801,-7.736269554969866e-05,0.010624004449083081
1720639566.7497077,0.3656101169642885,-0.3144066409890865,0.07669045619201409,0.0013839509665957072,0.0017345351926310038,0.008746168688392569
1720639567.150225,0.36308129037288733,-0.2877058272166286,0.09579282657855738,0.00028783682294059536,0.002345129846938354,0.008050265748111483
1720639567.5495195,0.3665419014542074,-0.1871785396924136,0.11207666957373318,0.002426148497262424,0.0027667277408651714,0.005149641482173303
1720639567.950014,0.36829833731401335,-0.2795815140509733,0.025730788057665346,0.0027533969221126805,0.000199144772473403,0.007961216674900939
1720639568.3497665,0.37081880509074394,-0.2192491800354316,-0.0515556609282857,0.0026233072836154446,-0.0020829676715490297,0.006044550657823861
1720639568.7500792,0.3812951911383312,-0.21432053260040493,-0.15170934996713864,0.002341910793081351,-0.005160542934915746,0.005815484838566737
1720639569.149987,0.37611901394062375,-0.2221511483339144,-0.12851565902774553,0.0034178017759355747,-0.00445544133843323,0.006324132590556801
1720639569.5504043,0.377652350244346,-0.14037480173885605,0.05016917614992724,-0.0010839910753513119,0.0011117759992433918,0.0034941987144870433
1720639569.9500315,0.37432495122864246,-0.18422526427596245,-0.016828066678465422,0.002020135996087185,-0.0010208708759333884,0.004994001359453489
1720639570.3502824,0.3842968303616774,-0.12467658273352385,-0.1319952105796083,0.0008602587990779725,-0.004570836339944817,0.0031919939281715827
1720639570.7501383,0.382941142787442,-0.12103787629325587,-0.045782275966947825,0.00018794208750336775,-0.0018871193249765383,0.002867899851635321
1720639571.1507351,0.3756393013033811,-0.11728270270228279,-0.03372665187501418,0.0015866463018460544,-0.0014602003533841224,0.0028588770301281358
1720639571.5504603,0.3822524181254915,-0.10644360175128208,0.026031041900496397,-0.0029528642986754827,0.0006416370870034882,0.002391720900419867
1720639571.9504628,0.3712080004721267,-0.07834909649275172,0.022718684365305903,-0.0007031855986803758,0.00041928929047085894,0.0014259941351103343
1720639572.3501506,0.38284884460506546,-0.06471221691579154,0.04388773364054726,-0.00013481872885986228,0.0011172974579991557,0.0011224257567861815
1720639572.85055,0.47211015306478715,-0.10156163247019252,0.03339002315427745,0.0018321855673571052,0.0006499776404558233,0.002004526777351937
1720639573.2498868,0.3791130045162322,-0.035838394730558984,0.1558900225006629,0.00027174127853673967,0.004988237547239871,0.00016975690538265263
1720639573.6502554,0.3698599669846781,-0.08729437748038882,0.07206143221163104,0.003484689411688428,0.0020431933853670703,0.001868902932069629
1720639574.0501814,0.3848919377151211,-0.027140541675163426,-0.05450902876804288,0.0006853443259507934,-0.002410021558767239,-0.00023198312275690203
1720639574.4503422,0.3781749807306246,-0.0531569680848508,-0.145294810569568,-0.00022661748949909932,-0.0057342428227562525,0.000757467644743162
1720639574.8499753,0.38325714614782624,0.2520634956106627,-0.13727565174307396,0.0009412091047349918,-0.005384018641756194,-0.01066505220366683
1720639575.15042,0.3048054860915079,0.5215992274785228,0.01017688606588207,-0.003314863479021321,-6.741715759650546e-06,-0.020238806658382933
1720639575.5499573,0.36424622941809653,-0.2620870341253626,0.07595072804104869,0.0004961335058377444,0.0025880544769929514,0.008708954232900554
1720639575.9506333,0.37647626972793347,0.030183153582489273,0.014648555421412492,-0.0006385381181494103,0.00016821456084126218,-0.0023751237156702247
1720639576.350192,0.38199689988114877,0.14182892252225104,0.013408641921099952,-0.0003350697359265835,0.00022177563539704792,-0.006389165209200327
1720639576.7500546,0.3791008833393821,0.21111304517342463,0.06257360981531068,0.0025877655388203136,0.002043963084049416,-0.009177061421844218
1720639577.149885,0.386018739612864,0.199556617497878,0.0727405612579816,-0.0033325614106849456,0.002566312697228179,-0.008656888104110385
1720639577.550236,0.3806134769792266,0.004328041103893011,-0.1627441911497614,-0.001227044242433613,-0.00715379902641522,-0.0008530462998992313
1720639577.949954,0.39216886128159245,0.05977303560051569,-0.17847382484013155,-0.0014369444823643823,-0.007593100092607052,-0.003509750120069927
1720639578.3505836,0.38763298608169167,0.23451601752413376,-0.06622411827378631,-0.001050962189506956,-0.0031170153909847453,-0.010445959240411829
1720639578.7498834,0.3788593339097907,0.29178258141906394,0.05216925736127075,-0.0026688157608019676,0.0020905920360543284,-0.0131660663581923
1720639579.0500884,0.3003211686331433,0.00973295319086006,0.047949219906460096,-0.0025046962632537632,0.001910434098089997,-0.000537424709376759
1720639579.4496493,0.3753910344906204,0.09773117853786677,0.0726076727307675,8.522194293508886e-05,0.002820337013264451,-0.004416437467813794
1720639579.8501878,0.3742263018001902,0.10827302238507637,0.06920905839495445,-2.170665203993601e-06,0.0028060269136191973,-0.004928293978058921
1720639580.2501593,0.38566510533987763,0.07164846434029173,-0.0041834597616406954,-0.0008993909456745983,-0.0004934729282946027,-0.003261469679060464
1720639580.6505127,0.3821863673926012,0.09450363099660983,0.006656395358056816,0.0016052242561952275,-0.00018863000401392327,-0.004537120382708504
1720639581.0501544,0.3865669879780962,0.05579334825990561,0.03296338771048965,-0.0011708569290130877,0.0013128938023401204,-0.0024313406063125333
1720639581.450434,0.37943859817050096,0.07918192582749993,0.021043867001774935,0.00027471725372732567,0.0005248422386439078,-0.004063005263734194
1720639581.850437,0.37879331383248815,0.08386942881927208,0.03866713511831171,0.00012486301111363019,0.0014896934060595335,-0.003771930647982002
1720639582.250786,0.38103917540188614,0.06775409045298757,-0.019468251968450572,0.00037378831898249017,-0.001406974626702917,-0.0030976626715483136
1720639582.6506326,0.38300915459013146,0.07809118537592817,-0.005453487672919079,-0.0008760960403304258,-0.0007179726511579165,-0.0037589370701627055
1720639583.0511322,0.3819585672317444,0.039789574221588776,-0.0004726154858639169,0.0006553109714343585,-0.0004918988424058579,-0.0018441726727506215
1720639583.4505067,0.38526334837352705,0.07637681168196202,-0.002287297912162324,-0.00070031466788979,-0.0005580058126670728,-0.003324845627300211
1720639583.8509097,0.38160583804172576,0.06576840170092135,0.04646067202748988,-0.0008953976920641097,0.0020857084498915324,-0.003191568965296333
1720639584.2507389,0.3841059739788606,0.05279465532815561,0.034814863612467446,0.002494260365361764,0.0013767259434174228,-0.0022515863815272836
1720639584.6508229,0.3786495779833775,0.07910419096168149,0.07687828574898295,-0.0019073352366561229,0.003800765498952252,-0.004012706741138776
1720639585.0506864,0.3723521788363442,0.052076919109818764,-0.12458451495035819,0.004197692024336262,-0.007643282586806022,-0.001882451091502804
1720639585.3502839,0.30299345769267155,-0.32454812665714416,-0.26827604202128896,0.007148318103757185,-0.01598220825447827,0.01964904407055072
1720639585.750592,0.3621266607781072,-0.33966669394775556,0.04729608885598037,0.0008598654423901306,0.0022838826440170212,0.021033089696277797
1720639586.1506581,0.3812197336485743,0.04690712769784007,0.1900749699100128,0.004276154131659857,0.01144779567782872,-0.003277238470688025
1720639586.5506954,0.37762121434711315,-0.02014646596965374,0.012790064995094177,-0.0013968079854089592,0.00044009458004334867,0.0011339266290773628
1720639586.95021,0.37593825740525577,-0.03802210492387268,-0.001734579353216051,0.002112472618726107,-0.0009941226005782955,0.0022311498038446033
1720639587.3504941,0.38387505378331965,-0.023492928336481738,0.03454385772806233,-0.0010760145173515565,0.0018854059117996425,0.0013338293316543382
1720639587.750452,0.3780962774374836,-0.02610193172776359,0.013660591240031692,-0.0015889611371801224,0.0004917771096710766,0.0017369575446580326
1720639588.1506014,0.37629533996064524,-0.01262700411843422,0.008666340719062715,0.0003262891726327414,8.013844318877084e-05,0.00033166563963693985
1720639588.5503623,0.38916770079093643,-0.02873389509928395,-0.01142284468525645,-0.003742228070689146,-0.0009756183548779163,0.0022199006483417166
1720639588.9506998,0.3784730297307894,-0.05011265146327111,0.06985597200544787,-1.7081572535791946e-07,0.00432735794486705,0.003084593005372542
1720639589.3503907,0.3838463693605856,0.01363393742119208,0.01107578484098612,-0.0008880756271347841,0.00016849676879182596,-0.001672186560323268
1720639589.7502923,0.37632406081993147,-0.02123781712825935,-0.057196050528765065,0.0003391995437377516,-0.004891346073967018,0.0015510781852615858
1720639590.1503627,0.3868426612277808,0.002774370336992717,-0.012637225838787243,-9.580781220089547e-05,-0.0018901696064719253,-0.0010340721852347325
1720639590.5504913,0.37680288135893836,-0.022474186250663462,-0.026136413676079072,-0.000628567063237099,-0.0022752960041787507,0.0015444632910568158
1720639590.950116,0.3791631774050734,-0.005169064583393152,0.00954326157947733,0.0009579173683674849,0.00015256823112275164,-0.00010462479606559747
1720639591.3502893,0.3795477424383001,0.0018036716468966616,0.016505381172781945,-0.0006039045503959033,0.0011039463217092926,-0.00017457468153669466
1720639591.750418,0.3779852802764825,-0.004425979105315461,-0.015454806377216834,0.00022421122141209914,-0.0016356261526628835,2.1191411678617497e-05
1720639592.1504226,0.39149921191157877,0.0012342213193195267,-0.02145743762452643,-0.002246066275451324,-0.0028241451958352926,-0.0006248308383311748
1720639592.5501318,0.3770288348631702,-0.028009351043657926,-0.04919868303841304,0.0009732019724830871,-0.0052036330951437115,0.002212912356720034
1720639592.950508,0.37494413209569055,-0.013885552102592158,-0.11586759573772502,0.005420785442869924,-0.01170611987771042,0.0012053584034520362
1720639593.2503672,0.30271747403132304,-0.010436483735948559,0.14429930784405084,-0.0064153771259544716,0.014493619309011274,-0.00030751957778126296
1720639593.6505232,0.37272584329684594,-0.027633404253410713,0.03280445014523212,0.0020208540982215874,0.003400488216967812,0.0023239067385347266
1720639594.0504646,0.3493908688270718,0.02341628740176078,0.12647158428237454,0.003239813330390662,0.013132784055995605,-0.0032818661517795777
1720639594.3506536,0.30800255494117307,-0.04352307035283944,-0.11952980167392721,-0.0033762184420944585,-0.013598024370722328,0.004499849679797695
1720639594.7502325,0.3871433798698259,-0.014066287994157477,0.005395824367872168,0.0008037207154835162,-0.00043856436719136305,0.0005472458070175431
1720639595.1508396,0.3867998373142399,-0.04195041641964707,-0.011544804960736189,-0.0013039335053236986,-0.0017994337812436978,0.005012229211208421
1720639595.550774,0.37285538776438076,-0.044169345186935244,-0.0018872147611456917,0.001245167048752795,-0.0005618345657802948,0.004357426106221227
1720639595.951173,0.3830920983914672,-0.04393946671053883,0.018069312493499766,-0.0023735279019131143,0.0015460797820938676,0.004311684547116812
1720639596.350536,0.38014326918200536,-0.04704173777711496,0.0018196942712686275,0.00037283112413912694,1.922667752563001e-06,0.005929760092691698
1720639596.750969,0.3732382864009471,-0.0286638516425833,0.003942013138101165,8.688682062141458e-05,-0.0004462582073052612,0.0007643269332760776
1720639597.1505544,0.3836167306549987,-0.009438058336319801,0.017345605102266962,-0.0005693143133038479,0.0022700818863905514,-0.0002494880144360332
1720639597.5509346,0.3688467049081672,-0.015945716312665826,-0.0002018927865554218,0.0011570612126177674,-0.0009633618408007028,0.0003494054111108984
1720639597.9505281,0.38283140192574466,-0.01796720499004847,0.026810528493324354,-0.0002526286523715823,0.004067965727766243,0.0004082398760370393
1720639598.350844,0.3786585717129323,-0.01746845597082465,0.016652861434082837,0.0001279243056223434,0.002306277447266636,0.0007226441742848073
1720639598.7504299,0.3786774903937368,-0.014775406937384666,-0.0014989792142173991,-0.0013598699913748094,-0.00152743488522189,9.37306783558035e-05
1720639599.1508772,0.3867725698948527,-0.01930593670636585,-0.002680954035149034,-0.0009191890164989303,-0.002362947076598454,0.0013560371078718313
1720639599.5506616,0.3765394564204406,-0.01571261473749894,0.007347362699502242,-0.002588223287669443,-0.00020846761794990343,-0.0012994148861786914
1720639599.9510663,0.3840006624549848,-0.021047586296358174,0.0017557314954660935,-0.002431135317071313,-0.0005086842298922534,0.0012415296060497103
1720639600.3509257,0.3737477832039351,-0.010096701864701496,0.003049051293524103,-0.001280606446726876,-0.0005446082974427391,-0.0025011585959759533
1720639600.7511513,0.36111955490053216,-0.0064471791894795474,0.005262538766191287,-0.0008979166763495186,-0.0001558109777068939,-0.004363517810304446
1720639601.1506999,0.30873620665245777,-0.007306067899329968,0.0024768371145093312,-0.0017039383118749756,-0.000535741996096073,-0.0032321214319423835
1720639601.6512992,0.3171937919667306,0.003878997651054463,0.002256260680042569,-0.0011354915044641412,-0.0004038059685451678,-0.0055015254772854145
1720639602.2506628,0.32177422001669387,-0.013329824067456128,0.006410557186918427,-0.00302895882677823,-2.9266062027133444e-06,0.0009398437501113757
1720639604.8506541,0.30645753918034896,-0.016352168420601016,0.0015563058405701638,0.00011788688760605634,0.00014291477704775346,0.0043739126607112745
1720639605.8503752,0.31537286711039675,-0.008932736506604396,0.004601136128147682,-0.0012543822552707983,0.0008633328895304437,-0.00012477132024954653
1720639606.850338,0.31806503271895986,-0.012245619458321704,0.0047452935700838484,-0.00015294204578601188,0.00153757861728554,0.0015368576948643568
